Index,Highest Charting Position,Streams,Artist Followers,Genre,Tempo,Duration (ms)
1,1,48633449.0,3377762.0,"['indie rock italiano', 'italian pop']",134.002,211560.0
2,2,47248719.0,2230022.0,['australian hip hop'],169.928,141806.0
3,1,40162559.0,6266514.0,['pop'],166.928,178147.0
4,3,37799456.0,83293380.0,"['pop', 'uk pop']",126.02600000000001,231041.0
5,5,33948454.0,5473565.0,"['lgbtq+ hip hop', 'pop rap']",149.995,212000.0
6,1,30071134.0,5473565.0,"['lgbtq+ hip hop', 'pop rap']",178.81799999999998,137876.0
7,3,29356736.0,8640063.0,"['dance pop', 'pop']",110.96799999999999,208867.0
8,2,26951613.0,6080597.0,"['puerto rican pop', 'trap latino']",127.949,199604.0
9,3,25030128.0,36142273.0,"['latin', 'reggaeton', 'trap latino']",179.951,206710.0
10,8,24551591.0,3377762.0,"['indie rock italiano', 'italian pop']",132.507,173347.0
11,4,23518010.0,27142474.0,"['dance pop', 'pop', 'uk pop']",102.977,203064.0
12,9,22405111.0,29051363.0,"['latin', 'reggaeton', 'reggaeton colombiano']",101.96799999999999,217773.0
13,5,22062812.0,37106176.0,"['k-pop', 'k-pop boy group']",124.925,187585.0
14,1,20294457.0,48504126.0,"['canadian pop', 'pop', 'post-teen pop']",90.03,198082.0
15,2,19985713.0,37106176.0,"['k-pop', 'k-pop boy group']",109.99700000000001,164442.0
16,7,19480679.0,6266514.0,['pop'],100.60700000000001,229227.0
17,3,18571755.0,6266514.0,['pop'],180.917,215507.0
18,5,18053141.0,35305637.0,"['canadian contemporary r&b', 'canadian pop', 'pop']",118.09100000000001,191014.0
19,14,17617965.0,2123734.0,"['latin', 'reggaeton', 'trap latino']",172.03099999999998,261335.0
20,20,16908917.0,8640063.0,"['dance pop', 'pop']",130.041,210560.0
21,19,16606925.0,151486.0,"['reggaeton', 'trap latino']",153.97899999999998,273474.0
22,22,16126897.0,8640063.0,"['dance pop', 'pop']",124.09700000000001,174253.0
23,1,15684978.0,6266514.0,['pop'],143.875,242013.0
24,24,15089184.0,1890510.0,"['gauze pop', 'indietronica', 'shiver pop']",80.87,238805.0
25,1,15011809.0,35305637.0,"['canadian contemporary r&b', 'canadian pop', 'pop']",171.005,200040.0
26,12,14849078.0,6266514.0,['pop'],168.924,175933.0
27,27,14809458.0,10502148.0,"['latin', 'latin hip hop', 'reggaeton', 'trap latino']",130.001,287120.0
28,18,14329162.0,33651775.0,"['dfw rap', 'melodic rap', 'rap']",129.915,184213.0
29,15,14273637.0,83689.0,"['dance pop', 'house', 'pop dance', 'tropical house', 'uk dance']",122.98,169153.0
30,3,14174752.0,365975.0,['australian hip hop'],149.996,132780.0
31,5,13963568.0,32574754.0,"['dance pop', 'pop', 'post-teen pop']",148.088,242096.0
32,32,13205250.0,22683756.0,"['dance pop', 'electropop', 'pop', 'post-teen pop']",110.10799999999999,164842.0
33,11,12818935.0,6266514.0,['pop'],172.929,152667.0
34,10,12572307.0,16216789.0,"['colombian pop', 'latin', 'reggaeton', 'reggaeton colombiano']",80.015,195053.0
35,4,11996689.0,16112621.0,"['pop', 'post-teen pop']",95.39,174000.0
36,36,11869336.0,, ,,
37,3,11683383.0,4840346.0,['chicago rap'],81.039,165926.0
38,15,11629418.0,8640063.0,"['dance pop', 'pop']",128.986,186173.0
39,39,11553846.0,8758283.0,"['latin', 'panamanian pop', 'reggaeton', 'trap latino']",93.02,208631.0
40,1,11524288.0,36142273.0,"['latin', 'reggaeton', 'trap latino']",109.928,205090.0
41,41,11477024.0,2936204.0,"['latin pop', 'pop argentino']",92.00299999999999,165275.0
42,17,11287301.0,6266514.0,['pop'],163.929,173160.0
43,33,11283626.0,29051363.0,"['latin', 'reggaeton', 'reggaeton colombiano']",93.005,393280.0
44,2,11196819.0,37106176.0,"['k-pop', 'k-pop boy group']",114.044,199054.0
45,9,10739770.0,5785065.0,"['big room', 'brostep', 'dance pop', 'dutch edm', 'edm', 'electro house', 'house', 'pop dance', 'slap house', 'trance', 'tropical house']",120.031,164000.0
46,46,10315460.0,3120157.0,"['dance pop', 'edm', 'electro house', 'pop', 'pop dance', 'tropical house']",124.111,183726.0
47,1,10222056.0,1274433.0,['cali rap'],91.007,140533.0
48,48,10215216.0,375865.0,['trap argentino'],170.06400000000002,192353.0
49,29,10032746.0,6929075.0,"['latin', 'latin hip hop', 'reggaeton', 'trap latino']",97.99,349547.0
50,20,9841998.0,389076.0,[],102.931,122773.0
51,19,9799701.0,3126961.0,"['argentine hip hop', 'pop venezolano', 'trap argentino', 'trap latino']",89.90700000000001,158087.0
52,52,9781153.0,45362.0,[],110.427,321556.0
53,19,9635619.0,47014200.0,"['electropop', 'pop']",85.016,195777.0
54,40,9600707.0,32178.0,"['house', 'pop dance', 'uk dance']",128.012,345543.0
55,52,9428494.0,31541310.0,"['brostep', 'edm', 'pop', 'pop dance', 'progressive electro house']",119.976,154983.0
56,56,9319465.0,495226.0,"['dreamo', 'indie surf', 'surf punk', 'vegas indie']",179.62599999999998,147062.0
57,57,9206366.0,409173.0,[],151.92,157176.0
58,31,9086979.0,6080597.0,"['puerto rican pop', 'trap latino']",83.876,212032.0
59,34,9048966.0,32262679.0,"['pop', 'pop rock']",99.04799999999999,227395.0
60,31,9017356.0,12169108.0,"['dance pop', 'piano rock', 'pop', 'pop rock']",117.00299999999999,169011.0
61,46,8977336.0,4787261.0,"['houston rap', 'pop', 'pop rap', 'trap queen']",130.02,184635.0
62,26,8935418.0,291777.0,"['german dance', 'german techno', 'german trance', 'trance']",125.993,150053.0
63,9,8881356.0,6266514.0,['pop'],123.999,143747.0
64,2,8843110.0,35305637.0,"['canadian contemporary r&b', 'canadian pop', 'pop']",118.09100000000001,191014.0
65,8,8832945.0,1398563.0,"['pop', 'r&b']",89.087,198371.0
66,2,8821971.0,1250353.0,[],123.95,183290.0
67,33,8564775.0,116817.0,[],119.99700000000001,160880.0
68,35,8564017.0,6662605.0,"['modern alternative rock', 'modern rock', 'pop']",124.053,240400.0
69,69,8514480.0,26769304.0,"['latin', 'reggaeton', 'reggaeton colombiano']",177.998,201181.0
70,12,8490162.0,8384096.0,"['pop', 'uk pop']",109.891,182161.0
71,71,8269753.0,26131.0,"['canadian hip hop', 'toronto rap']",139.928,153406.0
72,72,8133401.0,408696.0,"['brooklyn drill', 'nyc rap']",80.51100000000001,123987.0
73,33,8102107.0,17775316.0,"['latin', 'reggaeton', 'reggaeton colombiano']",88.863,209160.0
74,74,8093413.0,2895789.0,"['latin', 'reggaeton', 'trap latino']",128.05,231604.0
75,75,8006336.0,27116.0,['aussietronica'],123.02799999999999,241970.0
76,12,7975148.0,3377762.0,"['indie rock italiano', 'italian pop']",102.999,194787.0
77,2,7912399.0,1999954.0,"['colombian pop', 'pop']",83.97,160191.0
78,9,7735223.0,2043294.0,"['mexican hip hop', 'rap conciencia']",106.891,197333.0
79,7,7717211.0,31488.0,"['reggaeton', 'trap latino']",98.005,261667.0
80,1,7687058.0,2819593.0,"['australian pop', 'pop']",98.027,209438.0
81,7,7642130.0,2230022.0,['australian hip hop'],93.005,161385.0
82,6,7637626.0,56308172.0,"['canadian hip hop', 'canadian pop', 'hip hop', 'pop rap', 'rap', 'toronto rap']",136.006,192956.0
83,83,7516291.0,1042079.0,['comic'],115.044,58149.0
84,76,7465445.0,1250353.0,[],115.98200000000001,258004.0
85,32,7452633.0,17719446.0,"['rap', 'slap house']",124.917,162803.0
86,11,7434252.0,207547.0,"['dance pop', 'edm', 'pop', 'pop dance', 'tropical house', 'uk dance']",122.95299999999999,166028.0
87,42,7383369.0,207547.0,"['dance pop', 'edm', 'pop', 'pop dance', 'tropical house', 'uk dance']",123.98899999999999,178088.0
88,78,7381585.0,18228.0,"['melanesian pop', 'pacific islands pop', 'png pop']",105.039,182857.0
89,89,7365053.0,203972.0,"['canadian hip hop', 'canadian trap', 'pop rap', 'rap', 'southern hip hop', 'trap', 'trap soul', 'underground hip hop']",124.995,206629.0
90,23,7353795.0,287361.0,['dutch pop'],71.884,183624.0
91,55,7336542.0,151486.0,"['reggaeton', 'trap latino']",87.961,193636.0
92,1,7244853.0,67158068.0,"['dance pop', 'pop', 'post-teen pop']",144.015,172325.0
93,6,7156162.0,33651775.0,"['dfw rap', 'melodic rap', 'rap']",120.042,215280.0
94,94,7084292.0,1329531.0,['german hip hop'],144.955,144264.0
95,75,7064003.0,6341942.0,"['latin', 'latin pop', 'rap latina', 'reggaeton', 'trap latino']",97.01799999999999,200785.0
96,96,6984262.0,1250353.0,[],126.986,131067.0
97,97,6858466.0,8640063.0,"['dance pop', 'pop']",107.99799999999999,172627.0
98,60,6853994.0,1521837.0,"['afrofuturism', 'dance pop', 'electropop', 'pop', 'pop rap', 'post-teen pop']",90.021,168030.0
99,99,6825463.0,1427540.0,['uk hip hop'],140.013,251733.0
100,22,6813800.0,8384096.0,"['pop', 'uk pop']",111.881,215107.0
101,52,6799831.0,27142474.0,"['dance pop', 'pop', 'uk pop']",102.977,203064.0
102,85,6711375.0,3363988.0,"['alt z', 'dance pop', 'electropop', 'pop', 'post-teen pop']",180.104,203385.0
103,103,6709106.0,16074.0,[],180.003,280274.0
104,88,6699895.0,35285425.0,"['modern rock', 'pop', 'rock']",124.949,204347.0
105,2,6697067.0,411579.0,"['pop rap', 'rap', 'trap']",140.04,195429.0
106,45,6660319.0,32574754.0,"['dance pop', 'pop', 'post-teen pop']",145.83700000000002,217867.0
107,3,6653690.0,742692.0,"['melodic rap', 'pop rap', 'rap', 'slap house', 'trap']",121.955,176867.0
108,59,6635076.0,8758283.0,"['latin', 'panamanian pop', 'reggaeton', 'trap latino']",90.025,216510.0
109,109,6614072.0,10356559.0,"['dance pop', 'latin', 'latin pop', 'latin viral pop', 'pop', 'rap latina', 'reggaeton', 'trap latino']",111.898,158532.0
110,110,6584896.0,56699.0,[],167.933,151429.0
111,46,6569547.0,47014200.0,"['electropop', 'pop']",115.28399999999999,200186.0
112,24,6546948.0,1250353.0,[],89.911,158040.0
113,113,6539852.0,73211.0,"['chill r&b', 'nyc pop']",109.075,171743.0
114,9,6502302.0,8640063.0,"['dance pop', 'pop']",90.035,226987.0
115,80,6488622.0,21942793.0,"['dance pop', 'edm', 'electro house', 'house', 'pop', 'progressive house', 'uk dance']",124.01,189672.0
116,116,6469500.0,5420471.0,"['sertanejo', 'sertanejo pop', 'sertanejo universitario']",86.959,193221.0
117,80,6452492.0,83293380.0,"['pop', 'uk pop']",95.977,233713.0
118,9,6317487.0,33879560.0,"['canadian pop', 'dance pop', 'pop', 'post-teen pop', 'viral pop']",116.947,190960.0
119,5,6300416.0,1250353.0,[],139.98,170813.0
120,99,6278765.0,83293380.0,"['pop', 'uk pop']",95.05,263400.0
121,80,6244011.0,282045.0,['latin pop'],139.966,231708.0
122,2,6242863.0,36142273.0,"['latin', 'reggaeton', 'trap latino']",81.993,203201.0
123,1,6180056.0,7593046.0,"['north carolina hip hop', 'rap']",89.977,181733.0
124,12,6164795.0,3794081.0,"['alt z', 'bedroom pop', 'electropop', 'indie pop', 'pop', 'post-teen pop']",102.07799999999999,198040.0
125,13,6152121.0,1647262.0,"['alt z', 'dance pop', 'pop', 'post-teen pop']",124.148,169266.0
126,126,6136340.0,20270895.0,"['dance pop', 'edm', 'pop', 'pop dance']",125.98299999999999,176658.0
127,122,6089242.0,2421254.0,"['folk-pop', 'modern rock', 'pop', 'pop rock']",101.654,204280.0
128,128,6065267.0,13261089.0,"['grunge', 'permanent wave', 'rock']",116.76100000000001,301920.0
129,11,6040918.0,6266514.0,['pop'],88.485,202827.0
130,99,6014443.0,6662605.0,"['modern alternative rock', 'modern rock', 'pop']",85.012,260173.0
131,131,6012839.0,409173.0,[],150.006,147072.0
132,19,5952490.0,6430522.0,"['melodic rap', 'rap', 'trap']",77.005,236883.0
133,4,5928329.0,32262679.0,"['pop', 'pop rock']",91.05,189486.0
134,76,5914661.0,1838616.0,['pop'],122.764,244360.0
135,135,5912784.0,64288.0,['pop soul'],113.12,158594.0
136,108,5907750.0,4781906.0,"['irish singer-songwriter', 'modern rock', 'pop']",128.945,241693.0
137,110,5848466.0,261225.0,"['modern rock', 'uk pop']",106.52,226268.0
138,138,5847975.0,12969190.0,"['sertanejo', 'sertanejo universitario']",135.005,192725.0
139,14,5845156.0,17353707.0,"['dance pop', 'pop', 'pop rap', 'rap']",166.0,156945.0
140,2,5769714.0,26769304.0,"['latin', 'reggaeton', 'reggaeton colombiano']",179.984,200482.0
141,141,5768653.0,14187747.0,['pop'],92.04700000000001,198765.0
142,81,5756583.0,35888760.0,"['classic rock', 'glam rock', 'rock']",143.88299999999998,354320.0
143,5,5734402.0,6150675.0,['trap latino'],168.021,232853.0
144,25,5693848.0,441674.0,"['dance pop', 'edm', 'pop dance', 'pop house', 'tropical house']",124.11399999999999,167903.0
145,13,5691540.0,17719446.0,"['rap', 'slap house']",124.917,162803.0
146,90,5690260.0,432581.0,"['edm', 'new french touch', 'pop dance', 'tropical house']",121.955,139563.0
147,100,5682062.0,10561047.0,"['colombian pop', 'reggaeton colombiano']",122.959,176575.0
148,59,5672480.0,18572085.0,"['dance pop', 'pop', 'post-teen pop']",95.79899999999999,215733.0
149,110,5668576.0,159647.0,"['plugg', 'vapor trap', 'viral rap']",157.905,180380.0
150,103,5652272.0,15889.0,[],149.95,173038.0
151,147,5647568.0,12169108.0,"['dance pop', 'piano rock', 'pop', 'pop rock']",122.01700000000001,257840.0
152,121,5628703.0,31151294.0,"['permanent wave', 'pop']",173.372,266773.0
153,153,5627257.0,205590.0,[],94.984,173053.0
154,154,5618268.0,409173.0,[],147.96200000000002,239928.0
155,142,5607285.0,20270895.0,"['dance pop', 'edm', 'pop', 'pop dance']",124.08,247427.0
156,128,5594505.0,77034.0,"['forro', 'sertanejo pop']",154.02700000000002,225672.0
157,68,5576844.0,1250353.0,[],107.994,235556.0
158,6,5570735.0,6837946.0,['brooklyn drill'],83.995,160000.0
159,19,5566150.0,1687399.0,"['art pop', 'norwegian pop']",115.01,248827.0
160,121,5493760.0,7593046.0,"['north carolina hip hop', 'rap']",119.98700000000001,159083.0
161,120,5478055.0,7593046.0,"['north carolina hip hop', 'rap']",139.94899999999998,112547.0
162,31,5477563.0,19085118.0,"['chicago rap', 'melodic rap']",83.90299999999999,239836.0
163,4,5467753.0,3553442.0,"['brooklyn drill', 'melodic rap', 'nyc rap']",104.949,205458.0
164,5,5453159.0,, ,,
165,13,5436286.0,1250353.0,[],135.128,194088.0
166,59,5434073.0,11477164.0,"['dance pop', 'pop', 'post-teen pop']",159.702,141050.0
167,7,5431375.0,6837946.0,['brooklyn drill'],125.971,190476.0
168,13,5420003.0,6266514.0,['pop'],168.88400000000001,163587.0
169,1,5386268.0,17353707.0,"['dance pop', 'pop', 'pop rap', 'rap']",133.07299999999998,187541.0
170,155,5382191.0,6118063.0,"['dance rock', 'modern rock', 'permanent wave', 'rock']",148.017,222587.0
171,144,5379704.0,4339245.0,"['album rock', 'art rock', 'classic rock', 'mellow gold', 'new wave', 'permanent wave', 'rock', 'soft rock']",117.40100000000001,253920.0
172,20,5378971.0,6930669.0,"['album rock', 'classic rock', 'mellow gold', 'rock', 'soft rock', 'yacht rock']",120.15100000000001,257800.0
173,94,5375426.0,8441598.0,"['pop', 'post-teen pop', 'talent show', 'uk pop']",85.04299999999999,211467.0
174,110,5366242.0,1304510.0,"['dance pop', 'pop', 'pop rap', 'post-teen pop', 'r&b', 'urban contemporary']",110.095,209476.0
175,65,5315734.0,6837946.0,['brooklyn drill'],145.043,203586.0
176,72,5245618.0,6837946.0,['brooklyn drill'],99.865,184800.0
177,4,5238547.0,924083.0,['sad rap'],144.026,173333.0
178,100,5235335.0,8148393.0,"['dance pop', 'pop', 'pop dance', 'post-teen pop', 'tropical house', 'uk pop']",80.953,163733.0
179,138,5204983.0,35888760.0,"['classic rock', 'glam rock', 'rock']",109.975,214653.0
180,149,5178490.0,56308172.0,"['canadian hip hop', 'canadian pop', 'hip hop', 'pop rap', 'rap', 'toronto rap']",103.96700000000001,173987.0
181,15,5166847.0,16112621.0,"['pop', 'post-teen pop']",99.04799999999999,207133.0
182,181,5145493.0,180723.0,[],124.02600000000001,161613.0
183,183,5145432.0,304995.0,"['contemporary country', 'country', 'country road', 'modern country rock']",80.018,161853.0
184,184,5104206.0,6080597.0,"['puerto rican pop', 'trap latino']",102.101,164706.0
185,110,5103014.0,5799137.0,"['neo soul', 'pop', 'pop soul', 'r&b', 'urban contemporary']",119.93,269560.0
186,80,5098609.0,4840346.0,['chicago rap'],93.92399999999999,132833.0
187,40,5092354.0,6837946.0,['brooklyn drill'],142.094,216387.0
188,45,5090062.0,1254432.0,"['cali rap', 'dance pop', 'pop', 'pop rap', 'trap queen']",94.01799999999999,155884.0
189,52,5068864.0,35305637.0,"['canadian contemporary r&b', 'canadian pop', 'pop']",113.00299999999999,242253.0
190,5,5065132.0,5881963.0,"['pop', 'pop rap', 'r&b']",121.00200000000001,279204.0
191,191,5063181.0,8148393.0,"['dance pop', 'pop', 'pop dance', 'post-teen pop', 'tropical house', 'uk pop']",103.948,176800.0
192,64,5016125.0,36142273.0,"['latin', 'reggaeton', 'trap latino']",132.037,209771.0
193,41,5002227.0,67158068.0,"['dance pop', 'pop', 'post-teen pop']",140.048,178627.0
194,194,4992405.0,167628.0,[],93.421,161684.0
195,149,4978559.0,130627.0,"['funk bh', 'funk carioca']",83.406,140308.0
196,8,4977498.0,151832.0,"['dance pop', 'edm', 'german dance', 'pop dance', 'pop edm', 'tropical house']",122.031,166794.0
197,197,4973937.0,1909059.0,"['funk carioca', 'pop nacional']",77.249,186121.0
198,58,4954899.0,6603627.0,"['melodic rap', 'rap', 'trap']",98.54,174682.0
199,199,4950275.0,1427540.0,['uk hip hop'],117.07799999999999,182285.0
200,172,4948965.0,46785561.0,"['detroit hip hop', 'hip hop', 'rap']",104.50399999999999,284200.0
201,66,8859168.0,6837946.0,['brooklyn drill'],143.971,215000.0
202,87,7371935.0,6837946.0,['brooklyn drill'],99.772,156000.0
203,116,6464206.0,6430522.0,"['melodic rap', 'rap', 'trap']",187.815,181714.0
204,127,6238351.0,6837946.0,['brooklyn drill'],145.39600000000002,120828.0
205,129,6161664.0,6837946.0,['brooklyn drill'],135.921,123549.0
206,76,5883145.0,2008516.0,['uk hip hop'],87.18799999999999,193733.0
207,150,5822266.0,6837946.0,['brooklyn drill'],78.082,249231.0
208,159,5702636.0,6837946.0,['brooklyn drill'],143.04399999999998,208112.0
209,22,5696113.0,6777818.0,"['hip hop', 'rap']",142.347,121573.0
210,105,5627519.0,208554.0,"['german alternative rap', 'german drill', 'german hip hop', 'german trap']",91.99600000000001,138533.0
211,17,5383125.0,323203.0,['london rap'],141.02,278085.0
212,180,5335271.0,6837946.0,['brooklyn drill'],71.696,150449.0
213,13,5288927.0,2123734.0,"['latin', 'reggaeton', 'trap latino']",171.959,182496.0
214,175,5242097.0,127364.0,"['italian hip hop', 'italian pop']",169.94099999999997,220235.0
215,20,5235088.0,152226.0,"['dance pop', 'edm', 'pop dance', 'pop edm', 'slap house', 'tropical house']",117.948,157606.0
216,15,5203319.0,1250353.0,[],75.051,212496.0
217,193,5173308.0,5178156.0,"['neo mellow', 'pop rock', 'singer-songwriter']",122.008,249080.0
218,71,5150909.0,35285425.0,"['modern rock', 'pop', 'rock']",93.98899999999999,244005.0
219,79,5116589.0,2586114.0,"['funk carioca', 'funk ostentacao', 'funk paulista']",124.993,276480.0
220,122,5110475.0,411579.0,"['pop rap', 'rap', 'trap']",134.997,224042.0
221,75,5097187.0,35285425.0,"['modern rock', 'pop', 'rock']",124.912,175644.0
222,22,6318660.0,27142474.0,"['dance pop', 'pop', 'uk pop']",134.01,165507.0
223,4,6142975.0,37106176.0,"['k-pop', 'k-pop boy group']",81.068,207481.0
224,28,6111108.0,8758283.0,"['latin', 'panamanian pop', 'reggaeton', 'trap latino']",93.02,208631.0
225,17,5588217.0,28909504.0,"['dance pop', 'pop', 'post-teen pop']",149.903,186088.0
226,164,5454994.0,386757.0,"['hip hop', 'pop rap', 'queens hip hop', 'rap', 'sudanese pop', 'underground hip hop']",128.012,204434.0
227,22,5435614.0,6266514.0,['pop'],77.253,209560.0
228,169,5269757.0,1097789.0,"['sertanejo', 'sertanejo pop', 'sertanejo universitario']",164.81900000000002,148228.0
229,80,5259503.0,9987114.0,"['k-pop', 'k-pop girl group']",97.09700000000001,210573.0
230,184,5186354.0,151870.0,"['escape room', 'r&b', 'rap latina', 'trap queen']",81.02600000000001,229601.0
231,187,5173178.0,3507622.0,"['contemporary country', 'country road']",113.32600000000001,153338.0
232,183,5068677.0,2166191.0,"['latin', 'reggaeton', 'reggaeton flow', 'trap latino']",172.024,202307.0
233,71,5041120.0,608109.0,"['funk carioca', 'funk paulista', 'rave funk']",164.081,172973.0
234,95,5036030.0,26769304.0,"['latin', 'reggaeton', 'reggaeton colombiano']",100.00399999999999,241659.0
235,184,4975786.0,6080597.0,"['puerto rican pop', 'trap latino']",179.87900000000002,208292.0
236,141,4954679.0,18191658.0,"['dance pop', 'edm', 'electropop', 'pop', 'pop dance', 'tropical house']",95.01,244960.0
237,194,4938180.0,6475631.0,"['beatlesque', 'britpop', 'madchester', 'permanent wave', 'rock']",174.32299999999998,258773.0
238,101,6731106.0,1724414.0,"['dmv rap', 'pop', 'r&b', 'rap']",89.98200000000001,301304.0
239,55,5912293.0,8640063.0,"['dance pop', 'pop']",77.014,188893.0
240,132,5876058.0,98503.0,"['eau claire indie', 'folktronica']",167.977,254467.0
241,40,5392334.0,6777818.0,"['hip hop', 'rap']",142.034,146419.0
242,152,5347263.0,1042079.0,['comic'],127.04700000000001,302951.0
243,101,5321544.0,6278835.0,"['hip hop', 'miami hip hop', 'pop rap', 'rap', 'southern hip hop', 'trap']",150.062,236524.0
244,72,5258628.0,17202.0,[],125.994,175238.0
245,25,5234112.0,8083566.0,"['art pop', 'dance pop', 'electropop', 'metropopolis', 'nz pop', 'pop', 'post-teen pop']",87.971,192621.0
246,4,5135380.0,47014200.0,"['electropop', 'pop']",129.642,245897.0
247,189,5029898.0,558345.0,"['frauenrap', 'german hip hop', 'german pop']",95.939,155363.0
248,8,5013017.0,180454.0,['nyc rap'],140.201,123263.0
249,55,5011753.0,1097789.0,"['sertanejo', 'sertanejo pop', 'sertanejo universitario']",171.96599999999998,140942.0
250,11,5005018.0,15770302.0,"['dance pop', 'pop', 'post-teen pop']",127.99,169333.0
251,136,4992345.0,1275345.0,"['dance pop', 'pop rap']",89.99,210960.0
252,32,4980155.0,6080597.0,"['puerto rican pop', 'trap latino']",175.946,231595.0
253,81,4973063.0,384097.0,[],147.89700000000002,166216.0
254,101,4965913.0,3126961.0,"['argentine hip hop', 'pop venezolano', 'trap argentino', 'trap latino']",117.49600000000001,164896.0
255,117,4938586.0,12369079.0,"['garage rock', 'permanent wave', 'rock', 'sheffield indie']",85.03,272394.0
256,43,11756283.0,6777818.0,"['hip hop', 'rap']",170.69099999999997,138312.0
257,47,11380679.0,6777818.0,"['hip hop', 'rap']",137.131,130980.0
258,59,9889197.0,6777818.0,"['hip hop', 'rap']",173.456,155293.0
259,63,9503981.0,6777818.0,"['hip hop', 'rap']",97.67200000000001,146482.0
260,69,9142721.0,6777818.0,"['hip hop', 'rap']",140.22299999999998,588139.0
261,73,8884283.0,6777818.0,"['hip hop', 'rap']",127.596,88625.0
262,82,8218423.0,6777818.0,"['hip hop', 'rap']",157.181,223719.0
263,85,7917707.0,6777818.0,"['hip hop', 'rap']",115.852,229565.0
264,108,6988886.0,6777818.0,"['hip hop', 'rap']",92.463,175123.0
265,121,6503281.0,8640063.0,"['dance pop', 'pop']",91.94200000000001,138293.0
266,132,6268542.0,6777818.0,"['hip hop', 'rap']",78.958,515865.0
267,141,6034281.0,6777818.0,"['hip hop', 'rap']",108.07,203588.0
268,165,5527865.0,8640063.0,"['dance pop', 'pop']",111.07600000000001,223560.0
269,50,5424579.0,11690201.0,"['atl hip hop', 'pop rap', 'rap', 'trap']",125.98299999999999,278191.0
270,176,5393789.0,8640063.0,"['dance pop', 'pop']",168.995,212947.0
271,179,5362817.0,8640063.0,"['dance pop', 'pop']",99.008,177373.0
272,138,5341887.0,1650683.0,"['italian adult pop', 'italian pop']",184.33900000000003,175924.0
273,10,5203364.0,29051363.0,"['latin', 'reggaeton', 'reggaeton colombiano']",168.169,232253.0
274,1,5108950.0,100604.0,['nz pop'],150.076,171375.0
275,59,6893939.0,29051363.0,"['latin', 'reggaeton', 'reggaeton colombiano']",93.005,393280.0
276,17,6308369.0,278679.0,['reggaeton'],100.07,186133.0
277,146,5666770.0,1647262.0,"['alt z', 'dance pop', 'pop', 'post-teen pop']",106.97399999999999,210220.0
278,112,5511544.0,289437.0,"['francoton', 'french hip hop', 'pop urbaine', 'rap francais', 'rap marseille']",133.888,189933.0
279,11,5430260.0,14097410.0,"['conscious hip hop', 'hip hop', 'north carolina hip hop', 'rap']",88.96700000000001,218210.0
280,6,5246577.0,14097410.0,"['conscious hip hop', 'hip hop', 'north carolina hip hop', 'rap']",140.02100000000002,218802.0
281,96,5220422.0,29539807.0,"['emo rap', 'miami hip hop']",134.02100000000002,119133.0
282,66,5189427.0,4840346.0,['chicago rap'],155.05700000000002,168729.0
283,1,5145099.0,6603627.0,"['melodic rap', 'rap', 'trap']",116.971,196653.0
284,31,5124606.0,140812.0,[],119.932,116750.0
285,170,5085147.0,2562082.0,"['modern rock', 'pop rap', 'seattle hip hop']",146.078,258343.0
286,6,5079587.0,1250353.0,[],115.884,190779.0
287,39,5048079.0,3864419.0,"['ohio hip hop', 'pop rap']",124.939,139461.0
288,133,5043647.0,32574754.0,"['dance pop', 'pop', 'post-teen pop']",109.012,220733.0
289,17,4975720.0,17719446.0,"['rap', 'slap house']",76.469,175721.0
290,7,4971176.0,27142474.0,"['dance pop', 'pop', 'uk pop']",113.01100000000001,221820.0
291,2,4916860.0,56308172.0,"['canadian hip hop', 'canadian pop', 'hip hop', 'pop rap', 'rap', 'toronto rap']",133.976,261493.0
292,175,4912036.0,14917926.0,"['dance pop', 'dutch edm', 'edm', 'pop', 'pop dance', 'progressive house', 'tropical house']",119.93299999999999,217000.0
293,23,4911162.0,319192.0,"['dembow', 'dominican pop', 'rap dominicano', 'trap latino']",97.041,218107.0
294,176,4910070.0,19584111.0,"['alternative metal', 'nu metal', 'post-grunge', 'rap metal']",105.14299999999999,216880.0
295,119,4904401.0,14097410.0,"['conscious hip hop', 'hip hop', 'north carolina hip hop', 'rap']",100.45,292987.0
296,7,4898977.0,17719446.0,"['rap', 'slap house']",155.00799999999998,312820.0
297,161,4862683.0,18191658.0,"['dance pop', 'edm', 'electropop', 'pop', 'pop dance', 'tropical house']",103.01899999999999,247160.0
298,84,4846549.0,152226.0,"['dance pop', 'edm', 'pop dance', 'pop edm', 'slap house', 'tropical house']",106.064,233386.0
299,84,7615531.0,11690201.0,"['atl hip hop', 'pop rap', 'rap', 'trap']",135.976,255532.0
300,71,7506580.0,4840346.0,['chicago rap'],145.05,178776.0
301,106,6989528.0,4840346.0,['chicago rap'],168.146,190509.0
302,124,6410263.0,32262679.0,"['pop', 'pop rock']",142.989,172598.0
303,128,6323268.0,11690201.0,"['atl hip hop', 'pop rap', 'rap', 'trap']",126.06299999999999,206272.0
304,59,5470147.0,3911473.0,"['dance pop', 'pop']",116.001,174760.0
305,166,5456648.0,11690201.0,"['atl hip hop', 'pop rap', 'rap', 'trap']",155.03799999999998,248652.0
306,36,5395181.0,5963840.0,"['dance pop', 'pop', 'pop rap']",124.025,222523.0
307,179,5335308.0,4840346.0,['chicago rap'],140.369,165405.0
308,181,5322745.0,11690201.0,"['atl hip hop', 'pop rap', 'rap', 'trap']",134.944,241790.0
309,2,5265630.0,1250353.0,[],94.009,174321.0
310,12,5242347.0,36142273.0,"['latin', 'reggaeton', 'trap latino']",92.025,130014.0
311,108,5155238.0,2753929.0,"['funk 150 bpm', 'funk carioca']",94.99799999999999,159147.0
312,39,5142982.0,1250353.0,[],178.032,211295.0
313,54,5125477.0,5473565.0,"['lgbtq+ hip hop', 'pop rap']",174.065,168276.0
314,195,5119845.0,4840346.0,['chicago rap'],78.43,137692.0
315,1,5041656.0,18572085.0,"['dance pop', 'pop', 'post-teen pop']",123.056,182200.0
316,97,7324233.0,7805880.0,"['atl hip hop', 'atl trap', 'rap', 'trap']",133.997,257428.0
317,117,6439718.0,5178156.0,"['neo mellow', 'pop rock', 'singer-songwriter']",93.007,187307.0
318,126,6249801.0,7805880.0,"['atl hip hop', 'atl trap', 'rap', 'trap']",133.997,257428.0
319,134,6040553.0,4136553.0,"['k-pop', 'k-pop boy group']",104.973,202204.0
320,10,5645966.0,14097410.0,"['conscious hip hop', 'hip hop', 'north carolina hip hop', 'rap']",65.988,148421.0
321,72,5552212.0,4016497.0,"['melodic rap', 'rap', 'trap']",82.465,168727.0
322,27,5347781.0,61930.0,"['rap', 'trap']",125.98700000000001,215693.0
323,21,5300884.0,7904381.0,"['colombian pop', 'latin', 'reggaeton', 'reggaeton colombiano', 'trap latino']",92.03,216107.0
324,47,5298893.0,16112621.0,"['pop', 'post-teen pop']",139.863,208907.0
325,127,5241813.0,3377762.0,"['indie rock italiano', 'italian pop']",162.124,300413.0
326,3,5201714.0,1250353.0,[],163.908,178947.0
327,96,5113574.0,1246335.0,"['electropop', 'escape room', 'pop']",105.012,178405.0
328,170,5404939.0,46785561.0,"['detroit hip hop', 'hip hop', 'rap']",99.01,236666.0
329,105,5378350.0,10334543.0,"['electro house', 'pop nacional', 'slap house']",129.988,150462.0
330,108,5372180.0,19085118.0,"['chicago rap', 'melodic rap']",161.989,165820.0
331,175,5368759.0,19085118.0,"['chicago rap', 'melodic rap']",78.452,196147.0
332,85,5266625.0,37106176.0,"['k-pop', 'k-pop boy group']",119.991,229773.0
333,82,5207186.0,74814.0,[],129.96,125558.0
334,4,5143522.0,46785561.0,"['detroit hip hop', 'hip hop', 'rap']",165.995,210800.0
335,8,5085511.0,3816446.0,"['melodic rap', 'rap', 'rap conscient', 'trap', 'vapor trap']",99.03399999999999,162547.0
336,129,5068972.0,2263960.0,['australian pop'],129.062,244973.0
337,4,5063015.0,48504126.0,"['canadian pop', 'pop', 'post-teen pop']",86.919,212093.0
338,200,5051514.0,448447.0,"['funk carioca', 'funk ostentacao']",92.464,155676.0
339,15,7880155.0,14097410.0,"['conscious hip hop', 'hip hop', 'north carolina hip hop', 'rap']",98.962,133022.0
340,95,7450126.0,37106176.0,"['k-pop', 'k-pop boy group']",109.89299999999999,162147.0
341,25,7198095.0,37106176.0,"['k-pop', 'k-pop boy group']",164.032,214621.0
342,106,6935400.0,75496.0,"['eurovision', 'nouvelle chanson francaise']",135.379,176816.0
343,53,6634722.0,20823062.0,"['modern rock', 'rock']",96.96600000000001,175044.0
344,118,6628638.0,20823062.0,"['modern rock', 'rock']",113.06,172232.0
345,18,6333126.0,14097410.0,"['conscious hip hop', 'hip hop', 'north carolina hip hop', 'rap']",71.72399999999999,196946.0
346,67,6299936.0,22161310.0,"['dance pop', 'hip pop', 'pop', 'pop rap', 'post-teen pop', 'queens hip hop']",74.861,339506.0
347,134,6277641.0,121225.0,"['eurovision', 'oulu metal', 'trancecore']",98.01,177790.0
348,137,6237019.0,107553.0,['eurovision'],116.431,172675.0
349,69,5738325.0,2379448.0,['k-pop girl group'],140.05700000000002,172359.0
350,27,5393643.0,14097410.0,"['conscious hip hop', 'hip hop', 'north carolina hip hop', 'rap']",89.81200000000001,266291.0
351,2,5335112.0,56308172.0,"['canadian hip hop', 'canadian pop', 'hip hop', 'pop rap', 'rap', 'toronto rap']",129.895,178154.0
352,154,5282702.0,1725025.0,"['boston hip hop', 'hip hop', 'pop rap', 'rap']",106.196,218448.0
353,91,5252767.0,618444.0,"['bubblegrunge', 'chicago indie', 'indie pop', 'pop']",80.97399999999999,147351.0
354,195,5174437.0,32257.0,[],123.46600000000001,183707.0
355,64,5174298.0,3553442.0,"['brooklyn drill', 'melodic rap', 'nyc rap']",118.0,144349.0
356,198,5156496.0,727731.0,['dream smp'],117.904,174936.0
357,199,5152139.0,169137.0,"['icelandic pop', 'sunnlensk tonlist']",123.038,166000.0
358,127,5150176.0,20823062.0,"['modern rock', 'rock']",142.009,223066.0
359,25,15967986.0,14097410.0,"['conscious hip hop', 'hip hop', 'north carolina hip hop', 'rap']",83.09200000000001,177337.0
360,30,15171655.0,14097410.0,"['conscious hip hop', 'hip hop', 'north carolina hip hop', 'rap']",125.09200000000001,163302.0
361,32,14051831.0,14097410.0,"['conscious hip hop', 'hip hop', 'north carolina hip hop', 'rap']",94.104,112579.0
362,36,12648655.0,14097410.0,"['conscious hip hop', 'hip hop', 'north carolina hip hop', 'rap']",81.446,306257.0
363,48,11647489.0,14097410.0,"['conscious hip hop', 'hip hop', 'north carolina hip hop', 'rap']",94.98299999999999,238972.0
364,55,10712648.0,14097410.0,"['conscious hip hop', 'hip hop', 'north carolina hip hop', 'rap']",140.02100000000002,218802.0
365,34,6081034.0,2230022.0,['australian hip hop'],92.56,161385.0
366,92,5595839.0,3126961.0,"['argentine hip hop', 'pop venezolano', 'trap argentino', 'trap latino']",133.028,177443.0
367,87,5518444.0,2123734.0,"['latin', 'reggaeton', 'trap latino']",175.99599999999998,324426.0
368,148,5375782.0,2918229.0,"['dance pop', 'electropop', 'metropopolis', 'pop', 'post-teen pop', 'uk alternative pop']",158.024,154667.0
369,5,5294368.0,16112621.0,"['pop', 'post-teen pop']",110.01100000000001,240133.0
370,182,5278449.0,6150675.0,['trap latino'],95.007,195066.0
371,58,5218146.0,22718.0,"['reggaeton', 'reggaeton flow', 'trap latino']",100.021,289933.0
372,110,5215973.0,1250353.0,[],89.988,184507.0
373,5,5191697.0,48504126.0,"['canadian pop', 'pop', 'post-teen pop']",79.859,149297.0
374,77,5165035.0,1275345.0,"['dance pop', 'pop rap']",78.953,243773.0
375,38,5127736.0,280585.0,"['alt z', 'canadian contemporary r&b', 'indie cafe pop', 'pop', 'pop rock', 'post-teen pop']",75.801,208687.0
376,47,7347891.0,6278835.0,"['hip hop', 'miami hip hop', 'pop rap', 'rap', 'southern hip hop', 'trap']",124.036,165366.0
377,61,5831357.0,323203.0,['london rap'],141.02,278085.0
378,10,5448680.0,1250353.0,[],120.006,245426.0
379,169,5346005.0,1605329.0,"['rap', 'trap']",129.987,217609.0
380,115,5290877.0,3126961.0,"['argentine hip hop', 'pop venezolano', 'trap argentino', 'trap latino']",87.913,192348.0
381,19,5264232.0,5473565.0,"['lgbtq+ hip hop', 'pop rap']",151.947,154998.0
382,71,5258000.0,942628.0,"['bedroom soul', 'pop']",91.921,170345.0
383,3,5241227.0,10488292.0,"['atl hip hop', 'pop rap', 'rap', 'southern hip hop', 'trap']",142.037,237735.0
384,184,5203700.0,1223734.0,"['german hip hop', 'hamburg hip hop']",129.964,174021.0
385,7,5125706.0,19085118.0,"['chicago rap', 'melodic rap']",149.972,194621.0
386,164,5103863.0,14826679.0,"['latin', 'latin hip hop', 'reggaeton', 'trap latino']",170.08900000000003,197647.0
387,82,5088848.0,1260752.0,['forro'],128.048,175047.0
388,66,5062404.0,10561047.0,"['colombian pop', 'reggaeton colombiano']",167.89700000000002,179005.0
389,4,5037124.0,19085118.0,"['chicago rap', 'melodic rap']",144.991,205485.0
390,71,5024884.0,19085118.0,"['chicago rap', 'melodic rap']",159.966,240051.0
391,199,5018076.0,15013645.0,"['sertanejo', 'sertanejo universitario']",157.93200000000002,157355.0
392,53,5018005.0,85617.0,['weirdcore'],97.75299999999999,80081.0
393,72,7939784.0,279741.0,"['hip hop', 'rap', 'trap', 'underground hip hop']",80.462,225020.0
394,113,6325080.0,3864419.0,"['ohio hip hop', 'pop rap']",95.906,188779.0
395,7,6127103.0,6278835.0,"['hip hop', 'miami hip hop', 'pop rap', 'rap', 'southern hip hop', 'trap']",163.071,200221.0
396,122,6083338.0,6278835.0,"['hip hop', 'miami hip hop', 'pop rap', 'rap', 'southern hip hop', 'trap']",129.06,165527.0
397,137,5768836.0,10740222.0,"['funk carioca', 'funk pop', 'pagode baiano', 'pop nacional']",139.982,195429.0
398,10,5655879.0,1094731.0,[],188.7,168086.0
399,20,5480722.0,42227614.0,"['pop', 'post-teen pop']",135.942,277592.0
400,42,5467596.0,1250353.0,[],124.01100000000001,199931.0
401,63,5377794.0,29051363.0,"['latin', 'reggaeton', 'reggaeton colombiano']",94.036,228920.0
402,33,5200695.0,20331923.0,"['dance pop', 'pop', 'post-teen pop']",144.97799999999998,204632.0
403,100,5198209.0,423237.0,"['memphis hip hop', 'rap', 'southern hip hop', 'tennessee hip hop', 'trap']",146.933,184490.0
404,94,5107084.0,3553442.0,"['brooklyn drill', 'melodic rap', 'nyc rap']",120.031,232048.0
405,37,5026961.0,6929075.0,"['latin', 'latin hip hop', 'reggaeton', 'trap latino']",99.999,213314.0
406,9,5896065.0,48544923.0,"['canadian pop', 'pop', 'post-teen pop']",99.928,174406.0
407,150,5531998.0,4138951.0,"['alternative r&b', 'dance pop', 'pop', 'r&b']",135.859,214094.0
408,33,5496962.0,17719446.0,"['rap', 'slap house']",124.917,162803.0
409,18,5181180.0,100463.0,['bedroom pop'],91.066,210463.0
410,137,5141640.0,1585593.0,"['sertanejo', 'sertanejo pop', 'sertanejo universitario']",160.984,196380.0
411,62,5081800.0,8446147.0,"['pop', 'post-teen pop', 'talent show', 'uk pop']",77.355,208827.0
412,7,5069268.0,33893352.0,"['canadian pop', 'dance pop', 'pop', 'post-teen pop', 'viral pop']",145.765,178994.0
413,6,5054319.0,35340069.0,"['canadian contemporary r&b', 'canadian pop', 'pop']",100.021,237520.0
414,101,5051338.0,29566516.0,"['emo rap', 'miami hip hop']",75.023,166606.0
415,193,4998044.0,130801.0,"['alt z', 'indie cafe pop', 'pop', 'uk pop']",89.962,182121.0
416,19,4992396.0,4270131.0,"['electropop', 'pop', 'pop rap']",129.99200000000002,188344.0
417,197,4945935.0,32603394.0,"['dance pop', 'pop', 'post-teen pop']",72.795,213827.0
418,73,4940701.0,1250353.0,[],115.977,265240.0
419,177,4913147.0,20823062.0,"['modern rock', 'rock']",169.977,202333.0
420,72,7753784.0,61930.0,"['rap', 'trap']",123.016,152333.0
421,75,7515766.0,61930.0,"['rap', 'trap']",74.017,242600.0
422,8,6202933.0,42227614.0,"['pop', 'post-teen pop']",119.054,235767.0
423,107,5380517.0,9907270.0,['forro'],163.946,155210.0
424,186,5159208.0,4271775.0,"['forro', 'piseiro']",171.977,147876.0
425,3,5016865.0,42227614.0,"['pop', 'post-teen pop']",81.112,214707.0
426,104,4976405.0,12375514.0,"['garage rock', 'permanent wave', 'rock', 'sheffield indie']",92.00399999999999,161124.0
427,18,4965330.0,1250353.0,[],110.184,185487.0
428,43,4959754.0,29051363.0,"['latin', 'reggaeton', 'reggaeton colombiano']",176.08900000000003,242573.0
429,52,9872084.0,42227614.0,"['pop', 'post-teen pop']",130.033,231124.0
430,54,9676024.0,42227614.0,"['pop', 'post-teen pop']",100.118,241592.0
431,68,8638360.0,2815928.0,"['east coast hip hop', 'gangster rap', 'hardcore hip hop', 'hip hop', 'pop rap', 'rap']",95.027,217587.0
432,80,7852063.0,42227614.0,"['pop', 'post-teen pop']",95.46600000000001,294419.0
433,84,7736262.0,42227614.0,"['pop', 'post-teen pop']",161.032,243137.0
434,51,7712896.0,42227614.0,"['pop', 'post-teen pop']",142.731,220839.0
435,93,7385864.0,42227614.0,"['pop', 'post-teen pop']",115.99,254255.0
436,102,7039222.0,42227614.0,"['pop', 'post-teen pop']",185.262,234516.0
437,114,6566059.0,42227614.0,"['pop', 'post-teen pop']",128.03,225328.0
438,119,6508683.0,42227614.0,"['pop', 'post-teen pop']",148.035,263377.0
439,139,5988511.0,2815928.0,"['east coast hip hop', 'gangster rap', 'hardcore hip hop', 'hip hop', 'pop rap', 'rap']",90.991,214440.0
440,146,5889939.0,42227614.0,"['pop', 'post-teen pop']",90.20100000000001,189496.0
441,147,5885151.0,42227614.0,"['pop', 'post-teen pop']",100.023,200576.0
442,148,5860405.0,42227614.0,"['pop', 'post-teen pop']",133.873,261843.0
443,40,5217052.0,1250353.0,[],100.978,183240.0
444,15,5206614.0,8758283.0,"['latin', 'panamanian pop', 'reggaeton', 'trap latino']",171.94299999999998,247308.0
445,192,5197564.0,42227614.0,"['pop', 'post-teen pop']",101.934,208609.0
446,195,5189423.0,42227614.0,"['pop', 'post-teen pop']",106.007,244237.0
447,153,5172999.0,3198705.0,"['argentine hip hop', 'trap argentino', 'trap latino', 'trap triste']",94.927,206360.0
448,132,5836326.0,20338833.0,"['dance pop', 'pop', 'post-teen pop']",75.245,243992.0
449,26,5427638.0,1099480.0,[],79.936,207164.0
450,160,5413003.0,122746.0,"['alt z', 'australian pop', 'dance pop', 'indie cafe pop', 'pop', 'post-teen pop', 'uk pop']",126.904,194890.0
451,88,5323062.0,6852509.0,['brooklyn drill'],130.97,190534.0
452,91,5269163.0,4026643.0,"['latin', 'latin hip hop', 'reggaeton', 'reggaeton colombiano', 'reggaeton flow', 'trap latino']",169.732,229827.0
453,30,5176493.0,9778632.0,"['dance pop', 'pop', 'pop rap', 'post-teen pop']",112.985,190306.0
454,28,5137645.0,48544923.0,"['canadian pop', 'pop', 'post-teen pop']",99.757,158324.0
455,2,5094660.0,67208170.0,"['dance pop', 'pop', 'post-teen pop']",178.765,228482.0
456,120,5086382.0,2110870.0,"['indie pop', 'vancouver indie']",95.975,181680.0
457,191,5078174.0,342930.0,['piseiro'],160.013,190680.0
458,75,5060336.0,301217.0,"['trap argentino', 'trap latino', 'trap triste']",78.4,330040.0
459,193,5052717.0,32279979.0,"['pop', 'pop rock']",110.02799999999999,231387.0
460,50,5013450.0,48544923.0,"['canadian pop', 'pop', 'post-teen pop']",153.96,153190.0
461,37,5004111.0,48544923.0,"['canadian pop', 'pop', 'post-teen pop']",90.67399999999999,156468.0
462,140,4972518.0,1053324.0,"['deep underground hip hop', 'kentucky hip hop', 'pop rap', 'rap']",145.013,227478.0
463,188,4969662.0,1560784.0,"['new romantic', 'new wave', 'new wave pop', 'permanent wave', 'soft rock', 'synthpop']",84.412,225280.0
464,45,4967348.0,10580764.0,"['colombian pop', 'reggaeton colombiano']",129.972,198707.0
465,118,6292362.0,, ,,
466,128,6007541.0,29067437.0,"['latin', 'reggaeton', 'reggaeton colombiano']",175.826,157320.0
467,49,5837372.0,48544923.0,"['canadian pop', 'pop', 'post-teen pop']",89.934,187239.0
468,44,5794583.0,48544923.0,"['canadian pop', 'pop', 'post-teen pop']",119.59,152796.0
469,3,5510113.0,17792779.0,"['latin', 'reggaeton', 'reggaeton colombiano']",101.085,200960.0
470,34,5466954.0,29238936.0,"['latin', 'puerto rican pop', 'reggaeton', 'trap latino']",168.02200000000002,230693.0
471,61,5419040.0,48544923.0,"['canadian pop', 'pop', 'post-teen pop']",101.04,159250.0
472,181,5410730.0,203555.0,['german pop'],125.706,189000.0
473,17,5365747.0,56327031.0,"['canadian hip hop', 'canadian pop', 'hip hop', 'pop rap', 'rap', 'toronto rap']",94.96600000000001,383037.0
474,97,5356696.0,342930.0,['piseiro'],160.013,190680.0
475,105,5326719.0,9778632.0,"['dance pop', 'pop', 'pop rap', 'post-teen pop']",98.01299999999999,192921.0
476,57,5323412.0,48544923.0,"['canadian pop', 'pop', 'post-teen pop']",135.031,198426.0
477,64,5302285.0,35340069.0,"['canadian contemporary r&b', 'canadian pop', 'pop']",186.003,230453.0
478,22,5255393.0,10510156.0,"['latin', 'latin hip hop', 'reggaeton', 'trap latino']",91.97,180520.0
479,181,5211351.0,435936.0,['sertanejo pop'],110.01299999999999,173227.0
480,60,10024729.0,48544923.0,"['canadian pop', 'pop', 'post-teen pop']",127.13799999999999,186696.0
481,74,8912458.0,48544923.0,"['canadian pop', 'pop', 'post-teen pop']",129.964,220920.0
482,152,5796978.0,13697048.0,"['art pop', 'pop']",122.792,333710.0
483,82,5528508.0,14831925.0,"['latin', 'latin hip hop', 'reggaeton', 'trap latino']",82.042,211130.0
484,138,5418816.0,13697048.0,"['art pop', 'pop']",201.025,271177.0
485,37,5312876.0,26769304.0,"['latin', 'reggaeton', 'reggaeton colombiano']",83.897,248345.0
486,40,5249427.0,10580764.0,"['colombian pop', 'reggaeton colombiano']",170.002,163320.0
487,25,5189822.0,10580764.0,"['colombian pop', 'reggaeton colombiano']",87.977,187427.0
488,182,5098581.0,713486.0,"['edm', 'electronic trap']",99.11200000000001,131272.0
489,141,5082870.0,2897862.0,"['latin', 'reggaeton', 'trap latino']",92.02799999999999,202373.0
490,109,6426522.0,28931149.0,"['dance pop', 'pop', 'post-teen pop']",182.003,184134.0
491,121,6155698.0,2010879.0,['uk hip hop'],122.012,181720.0
492,56,6020785.0,7408249.0,"['dance pop', 'edm', 'electronic trap', 'pop', 'pop dance']",110.971,168649.0
493,12,5454807.0,20528724.0,"['australian dance', 'australian pop', 'dance pop', 'pop']",104.95700000000001,165907.0
494,168,5439646.0,3868320.0,"['ohio hip hop', 'pop rap']",88.97200000000001,137747.0
495,19,5198514.0,1650912.0,"['latin', 'reggaeton', 'trap latino']",90.01299999999999,219048.0
496,86,5156937.0,2786366.0,"['dance pop', 'deep euro house', 'deep house', 'edm', 'german dance', 'pop', 'pop dance', 'tropical house']",183.933,190218.0
497,6,5103528.0,8671649.0,"['dance pop', 'pop']",110.962,237893.0
498,157,5085527.0,29566516.0,"['emo rap', 'miami hip hop']",146.04,110886.0
499,149,5084635.0,5064200.0,"['australian psych', 'neo-psychedelic']",116.87899999999999,216320.0
500,109,5079857.0,35340069.0,"['canadian contemporary r&b', 'canadian pop', 'pop']",92.98700000000001,269187.0
501,12,5068349.0,6852509.0,['brooklyn drill'],179.798,213333.0
502,123,5054881.0,419151.0,"['indie cafe pop', 'indie poptimism', 'modern rock', 'pop', 'pop rock']",74.988,219801.0
503,198,5052557.0,1643882.0,['indonesian pop'],139.991,344571.0
504,4,5023592.0,23848461.0,"['k-pop', 'k-pop girl group']",130.032,182956.0
505,200,5013851.0,5831194.0,"['hip hop', 'pop rap', 'rap']",116.919,234852.0
506,158,5510906.0,1251372.0,[],112.602,211411.0
507,64,5462333.0,6852509.0,['brooklyn drill'],148.014,171892.0
508,166,5393459.0,19102888.0,"['chicago rap', 'melodic rap']",140.061,206734.0
509,170,5321946.0,568711.0,"['italian adult pop', 'italian indie pop', 'italian pop', 'italian pop rock']",89.82600000000001,222667.0
510,54,5232377.0,18306226.0,"['latin', 'reggaeton', 'reggaeton flow', 'trap boricua', 'trap latino']",93.985,206587.0
511,175,5208787.0,2161609.0,"['french hip hop', 'old school rap francais', 'pop urbaine', 'rap conscient']",134.041,187362.0
512,180,5170861.0,7816213.0,"['atl hip hop', 'atl trap', 'rap', 'trap']",140.005,192804.0
513,24,5168240.0,786461.0,"['latin pop', 'viral pop']",103.01299999999999,155825.0
514,91,5093408.0,432511.0,"['edm', 'new french touch', 'pop dance', 'tropical house']",124.962,156960.0
515,152,5073657.0,7535054.0,"['emo rap', 'lgbtq+ hip hop']",93.09899999999999,142000.0
516,61,5060903.0,1027085.0,"['modern alternative rock', 'modern rock', 'pop']",120.041,218107.0
517,112,5044929.0,3799104.0,"['alt z', 'bedroom pop', 'electropop', 'indie pop', 'pop', 'post-teen pop']",108.045,185773.0
518,74,7464020.0,33663701.0,"['dfw rap', 'melodic rap', 'rap']",98.036,241360.0
519,38,6591829.0,67208170.0,"['dance pop', 'pop', 'post-teen pop']",115.036,122174.0
520,42,5874460.0,1453875.0,['urbano espanol'],83.97,198493.0
521,46,5440707.0,2238190.0,['australian hip hop'],142.592,126521.0
522,35,5145966.0,2897862.0,"['latin', 'reggaeton', 'trap latino']",83.943,185840.0
523,2,5124742.0,621200.0,"['pop rap', 'rhode island rap']",116.735,163636.0
524,83,5115990.0,33663701.0,"['dfw rap', 'melodic rap', 'rap']",159.80100000000002,218147.0
525,185,5079580.0,1453875.0,['urbano espanol'],127.93799999999999,167867.0
526,80,5016283.0,15663384.0,"['dance pop', 'electropop', 'etherpop', 'indie poptimism', 'pop', 'post-teen pop']",136.041,201661.0
527,33,4995965.0,36177712.0,"['latin', 'reggaeton', 'trap latino']",113.90299999999999,156430.0
528,5,4994138.0,48544923.0,"['canadian pop', 'pop', 'post-teen pop']",147.986,212867.0
529,49,4982892.0,2722638.0,"['bedroom pop', 'indie pop', 'pop']",112.99700000000001,188387.0
530,176,4974880.0,83337783.0,"['pop', 'uk pop']",107.98899999999999,258987.0
531,20,6162453.0,, ,,
532,140,5936752.0,961181.0,"['german hip hop', 'german pop']",116.963,195734.0
533,144,5897983.0,5831194.0,"['hip hop', 'pop rap', 'rap']",128.111,243750.0
534,12,5535339.0,1251372.0,[],139.898,172693.0
535,50,5497942.0,3689546.0,"['alt z', 'dance pop', 'electropop', 'pop', 'post-teen pop', 'viral pop']",105.91799999999999,177500.0
536,62,5168107.0,1053324.0,"['deep underground hip hop', 'kentucky hip hop', 'pop rap', 'rap']",123.066,156498.0
537,173,5116325.0,251549.0,"['alt z', 'indie cafe pop', 'modern indie pop', 'pop', 'social media pop']",123.978,227186.0
538,128,5059891.0,9778632.0,"['dance pop', 'pop', 'pop rap', 'post-teen pop']",123.055,153865.0
539,177,5053713.0,2820477.0,"['australian pop', 'pop']",124.988,178157.0
540,37,5004462.0,29238936.0,"['latin', 'puerto rican pop', 'reggaeton', 'trap latino']",166.03900000000002,224187.0
541,14,4986037.0,67208170.0,"['dance pop', 'pop', 'post-teen pop']",116.965,167990.0
542,28,4984399.0,83337783.0,"['pop', 'uk pop']",101.956,219947.0
543,14,5344862.0,1251372.0,[],179.997,189840.0
544,83,5232509.0,3134041.0,"['argentine hip hop', 'pop venezolano', 'trap argentino', 'trap latino']",94.059,171215.0
545,17,5163323.0,26784251.0,"['latin', 'reggaeton', 'reggaeton colombiano']",179.984,200482.0
546,22,5120753.0,6096559.0,"['puerto rican pop', 'trap latino']",96.988,222680.0
547,151,5044252.0,1200248.0,[],150.06,237900.0
548,143,5003825.0,29566516.0,"['emo rap', 'miami hip hop']",128.009,135090.0
549,182,4995623.0,83337783.0,"['pop', 'uk pop']",78.998,281560.0
550,2,4966878.0,56327031.0,"['canadian hip hop', 'canadian pop', 'hip hop', 'pop rap', 'rap', 'toronto rap']",81.618,247059.0
551,167,4929647.0,35340069.0,"['canadian contemporary r&b', 'canadian pop', 'pop']",119.829,277680.0
552,9,4908929.0,132855.0,['tropical house'],112.05,176547.0
553,193,4902737.0,6478565.0,"['beatlesque', 'britpop', 'madchester', 'permanent wave', 'rock']",174.32299999999998,258773.0
554,181,4847224.0,29566516.0,"['emo rap', 'miami hip hop']",129.953,95467.0
555,27,6011642.0,19102888.0,"['chicago rap', 'melodic rap']",81.535,157355.0
556,19,5963380.0,47061119.0,"['electropop', 'pop']",135.154,203464.0
557,152,5579697.0,20528724.0,"['australian dance', 'australian pop', 'dance pop', 'pop']",104.914,177801.0
558,157,5479407.0,35340069.0,"['canadian contemporary r&b', 'canadian pop', 'pop']",107.949,213520.0
559,89,5342938.0,804613.0,"['electropop', 'pop', 'pop rap']",103.116,169632.0
560,168,5233359.0,35340069.0,"['canadian contemporary r&b', 'canadian pop', 'pop']",134.17,228373.0
561,14,5208100.0,15778531.0,"['dance pop', 'pop', 'post-teen pop']",110.0,223279.0
562,175,5197587.0,14921269.0,"['dance pop', 'dutch edm', 'edm', 'pop', 'pop dance', 'progressive house', 'tropical house']",114.978,144391.0
563,140,5092250.0,3912138.0,"['melodic metalcore', 'metalcore', 'rock', 'uk metalcore']",170.52700000000002,228147.0
564,167,5072462.0,26784251.0,"['latin', 'reggaeton', 'reggaeton colombiano']",173.96099999999998,176970.0
565,162,5046418.0,444736.0,"['brazilian hip hop', 'funk ostentacao']",140.02,125143.0
566,18,4995578.0,35340069.0,"['canadian contemporary r&b', 'canadian pop', 'pop']",170.062,198267.0
567,20,4906738.0,67208170.0,"['dance pop', 'pop', 'post-teen pop']",131.798,201882.0
568,138,4900492.0,1692635.0,"['australian pop', 'indie cafe pop', 'pop', 'pop rock', 'post-teen pop']",126.684,196373.0
569,174,4884711.0,4794212.0,"['houston rap', 'pop', 'pop rap', 'trap queen']",130.058,137984.0
570,47,4873380.0,149682.0,"['cubaton', 'dominican pop', 'pop venezolano', 'reggaeton', 'reggaeton flow', 'trap latino']",97.054,197587.0
571,99,5487774.0,197320.0,"['german alternative rap', 'german hip hop', 'german trap', 'tekk']",156.013,125720.0
572,176,5136895.0,1726216.0,"['dmv rap', 'pop', 'r&b', 'rap']",163.924,214693.0
573,55,5071718.0,16655692.0,"['dance pop', 'pop', 'post-teen pop', 'uk pop']",96.855,163127.0
574,103,5052801.0,6313514.0,['pop'],77.59899999999999,177323.0
575,45,5030670.0,1248499.0,"['electropop', 'escape room', 'pop']",121.876,146523.0
576,83,4948563.0,2147875.0,['contemporary country'],196.0,178520.0
577,13,4942545.0,2127531.0,"['latin', 'reggaeton', 'trap latino']",176.007,345241.0
578,137,5929507.0,18306226.0,"['latin', 'reggaeton', 'reggaeton flow', 'trap boricua', 'trap latino']",93.985,206587.0
579,132,5427534.0,114348.0,['cumbia pop'],84.97399999999999,182199.0
580,90,5332437.0,2147875.0,['contemporary country'],136.97,161773.0
581,66,5186567.0,28931149.0,"['dance pop', 'pop', 'post-teen pop']",163.882,155956.0
582,121,4962949.0,1053324.0,"['deep underground hip hop', 'kentucky hip hop', 'pop rap', 'rap']",108.025,168906.0
583,42,4931163.0,17097317.0,"['dance pop', 'pop', 'post-teen pop', 'uk pop']",104.181,213869.0
584,190,4914093.0,211500.0,['sad rap'],119.993,180139.0
585,116,4864544.0,6096559.0,"['puerto rican pop', 'trap latino']",176.037,190101.0
586,10,4848954.0,42227614.0,"['pop', 'post-teen pop']",171.31900000000002,244000.0
587,37,4833081.0,14073083.0,"['dance pop', 'pop', 'pop rap', 'r&b', 'rap']",94.148,176960.0
588,73,5942551.0,19102888.0,"['chicago rap', 'melodic rap']",149.99200000000002,158033.0
589,177,5119828.0,8153871.0,"['dance pop', 'pop', 'pop dance', 'post-teen pop', 'tropical house', 'uk pop']",128.031,188581.0
590,108,4983557.0,1251372.0,[],160.064,150260.0
591,191,4915403.0,41551.0,['trap queen'],110.00299999999999,187000.0
592,41,4855690.0,3916979.0,"['dance pop', 'pop']",129.857,162399.0
593,6,4796365.0,23848461.0,"['k-pop', 'k-pop girl group']",127.97,194765.0
594,17,4790233.0,29238936.0,"['latin', 'puerto rican pop', 'reggaeton', 'trap latino']",168.084,217547.0
595,67,5622565.0,411262.0,"['brooklyn drill', 'nyc rap']",133.928,115200.0
596,158,5446609.0,2147875.0,['contemporary country'],69.877,202133.0
597,168,5160123.0,2147875.0,['contemporary country'],88.00299999999999,190680.0
598,53,5064504.0,2147875.0,['contemporary country'],203.903,210507.0
599,21,4935633.0,36177712.0,"['latin', 'reggaeton', 'trap latino']",169.93400000000003,217769.0
600,65,4906324.0,8766508.0,"['latin', 'panamanian pop', 'reggaeton', 'trap latino']",94.053,216747.0
601,17,4892682.0,6852509.0,['brooklyn drill'],99.7,201600.0
602,188,4879971.0,2147875.0,['contemporary country'],126.01899999999999,216573.0
603,190,4860714.0,2147875.0,['contemporary country'],115.05799999999999,156747.0
604,117,4815342.0,4281787.0,"['forro', 'piseiro']",168.09599999999998,166838.0
605,5,4812765.0,23848461.0,"['k-pop', 'k-pop girl group']",159.972,177813.0
606,22,4790427.0,31552500.0,"['brostep', 'edm', 'pop', 'pop dance', 'progressive electro house']",93.995,172762.0
607,76,4769618.0,27167675.0,"['dance pop', 'pop', 'uk pop']",114.999,156911.0
608,141,5317174.0,1674348.0,['german hip hop'],100.119,201501.0
609,15,4986214.0,42227614.0,"['pop', 'post-teen pop']",79.015,215627.0
610,13,4858392.0,724903.0,"['bedroom soul', 'pop']",112.022,158571.0
611,171,4848222.0,14122.0,[],138.023,173913.0
612,66,4655272.0,31552500.0,"['brostep', 'edm', 'pop', 'pop dance', 'progressive electro house']",100.015,214290.0
613,138,4630572.0,35910149.0,"['classic rock', 'glam rock', 'rock']",156.27100000000002,209413.0
614,61,4606011.0,29067437.0,"['latin', 'reggaeton', 'reggaeton colombiano']",94.01799999999999,205933.0
615,183,4580123.0,4281787.0,"['forro', 'piseiro']",168.00799999999998,182977.0
616,49,4540781.0,5002317.0,"['hip hop', 'ohio hip hop', 'pop rap', 'rap']",90.494,193293.0
617,27,4516053.0,441714.0,"['dance pop', 'edm', 'pop dance', 'pop house', 'tropical house']",123.935,168387.0
618,68,4504304.0,9998991.0,"['k-pop', 'k-pop girl group']",150.084,205493.0
619,158,4488125.0,1777797.0,"['dream smp', 'viral rap']",84.98,105176.0
620,1,23235257.0,6931357.0,"['dance pop', 'pop', 'r&b', 'urban contemporary']",150.273,241107.0
621,2,20709328.0,1631876.0,"['disco', 'europop', 'new romantic', 'new wave', 'new wave pop', 'soft rock', 'synthpop']",107.682,262960.0
622,3,16657592.0,67208170.0,"['dance pop', 'pop', 'post-teen pop']",191.9,204093.0
623,5,16613649.0,222627.0,"['adult standards', 'brill building pop', 'easy listening', 'lounge', 'rockabilly', 'vocal jazz']",67.196,126267.0
624,7,16527404.0,20637.0,[],119.705,130973.0
625,6,15424001.0,4702232.0,"['adult standards', 'canadian pop', 'jazz pop', 'lounge']",94.775,206640.0
626,8,14582001.0,369548.0,"['adult standards', 'brill building pop', 'easy listening', 'lounge', 'mellow gold', 'vocal jazz']",201.62900000000002,151933.0
627,9,12266990.0,7869617.0,"['dance pop', 'neo mellow', 'pop', 'pop rock', 'post-teen pop', 'talent show']",159.878,229640.0
628,14,11664490.0,239129.0,"['latin pop', 'puerto rican pop']",148.83700000000002,182067.0
629,11,10884855.0,1139096.0,"['adult standards', 'easy listening', 'lounge', 'vocal jazz']",134.009,117147.0
630,19,10787165.0,4953667.0,"['adult standards', 'easy listening', 'lounge']",142.16899999999998,155453.0
631,15,10609206.0,48544923.0,"['canadian pop', 'pop', 'post-teen pop']",161.993,182947.0
632,16,10508459.0,1251372.0,[],91.751,181267.0
633,17,10476212.0,4883.0,['musical advocacy'],115.412,222533.0
634,23,9882989.0,3609658.0,"['album rock', 'art rock', 'beatlesque', 'classic rock', 'mellow gold', 'rock', 'soft rock']",94.736,227653.0
635,21,9852792.0,4702232.0,"['adult standards', 'canadian pop', 'jazz pop', 'lounge']",151.251,119787.0
636,24,9509781.0,4313100.0,"['album rock', 'art rock', 'beatlesque', 'classic rock', 'folk rock', 'mellow gold', 'rock']",146.172,214333.0
637,22,8804531.0,, ,,
638,32,8478518.0,1634288.0,"['adult standards', 'lounge', 'soul', 'vocal jazz']",78.696,192160.0
639,39,7045348.0,359973.0,"['adult standards', 'easy listening', 'lounge', 'swing', 'vocal jazz']",130.503,177480.0
640,114,6912271.0,4958353.0,"['atl hip hop', 'plugg', 'rap', 'trap']",140.028,164591.0
641,42,6716353.0,58479.0,"['adult standards', 'american folk revival']",140.467,135533.0
642,47,6404964.0,382997.0,"['celtic', 'celtic punk', 'celtic rock', 'folk punk', 'irish folk', 'punk']",78.111,272467.0
643,38,6052105.0,99249.0,"['classic uk pop', 'new wave pop', 'rock-and-roll', 'rockabilly', 'soft rock']",202.899,220160.0
644,62,6007011.0,5698788.0,"['rock-and-roll', 'rockabilly']",94.51799999999999,129173.0
645,65,5802508.0,1251372.0,[],151.925,162897.0
646,59,5801639.0,1251372.0,[],146.861,144080.0
647,52,5687085.0,1324920.0,"['australian dance', 'australian pop', 'dance pop', 'electropop', 'eurodance', 'europop', 'new wave pop', 'pop']",87.101,202547.0
648,60,5422082.0,336373.0,"['adult standards', 'brill building pop', 'easy listening', 'lounge', 'vocal jazz']",112.874,155933.0
649,69,5394054.0,1251372.0,[],126.62700000000001,166453.0
650,66,5353591.0,7504724.0,"['glam rock', 'mellow gold', 'piano rock']",140.308,272394.0
651,54,5209372.0,5002317.0,"['hip hop', 'ohio hip hop', 'pop rap', 'rap']",143.89600000000002,174960.0
652,166,5191001.0,1293055.0,"['forro', 'sertanejo', 'sertanejo pop', 'sertanejo universitario']",160.061,186533.0
653,197,5152906.0,15019109.0,"['sertanejo', 'sertanejo universitario']",117.399,164459.0
654,71,10522305.0,1549216.0,"['album rock', 'classic rock', 'mellow gold', 'rock', 'soft rock', 'yacht rock']",128.70600000000002,126360.0
655,73,10509961.0,, ,,
656,74,10455065.0,31161671.0,"['permanent wave', 'pop']",132.062,268521.0
657,83,9548924.0,17097317.0,"['dance pop', 'pop', 'post-teen pop', 'uk pop']",75.248,170964.0
658,85,9474711.0,20528724.0,"['australian dance', 'australian pop', 'dance pop', 'pop']",92.986,205267.0
659,86,9457199.0,9470311.0,"['dance pop', 'pop', 'post-teen pop']",147.08,255400.0
660,89,9270017.0,1298537.0,"['contemporary country', 'country', 'country road', 'modern country rock']",113.99799999999999,173560.0
661,92,9167304.0,5436999.0,"['boy band', 'dance pop', 'pop', 'post-teen pop']",146.035,200880.0
662,102,8813922.0,3916979.0,"['dance pop', 'pop']",118.07799999999999,169245.0
663,104,8696354.0,4805333.0,"['dance pop', 'hip pop', 'pop', 'post-teen pop', 'urban contemporary']",93.0,156773.0
664,107,8614955.0,46814751.0,"['detroit hip hop', 'hip hop', 'rap']",140.945,224656.0
665,111,8387899.0,1251372.0,[],102.103,86760.0
666,117,8177832.0,4702232.0,"['adult standards', 'canadian pop', 'jazz pop', 'lounge']",122.331,171093.0
667,119,8160534.0,353571.0,"['hollywood', 'show tunes']",113.40100000000001,166147.0
668,22,8115520.0,42227614.0,"['pop', 'post-teen pop']",145.916,229840.0
669,123,8064361.0,1151360.0,"['motown', 'soul']",128.89700000000002,181267.0
670,126,8022773.0,127251.0,"['adult standards', 'lounge', 'torch song', 'vocal jazz']",84.485,206067.0
671,127,7993078.0,1024868.0,['soundtrack'],46.718,85267.0
672,19,7901968.0,42227614.0,"['pop', 'post-teen pop']",112.05,185320.0
673,133,7792643.0,1251372.0,[],83.506,148147.0
674,140,7536851.0,33893352.0,"['canadian pop', 'dance pop', 'pop', 'post-teen pop', 'viral pop']",83.60799999999999,196254.0
675,144,7367482.0,1139096.0,"['adult standards', 'easy listening', 'lounge', 'vocal jazz']",130.036,143733.0
676,145,7363913.0,4224071.0,"['classic rock', 'heartland rock', 'mellow gold', 'permanent wave', 'rock', 'singer-songwriter']",139.986,267600.0
677,147,7350024.0,2877234.0,"['british soul', 'dance pop', 'europop', 'pop', 'post-teen pop', 'talent show']",112.986,239587.0
678,149,7301381.0,1251372.0,[],130.594,118840.0
679,150,7299201.0,8037861.0,"['dance pop', 'pop', 'post-teen pop']",81.96600000000001,154747.0
680,152,7281773.0,10606572.0,"['dance pop', 'hip pop', 'pop', 'post-teen pop']",84.796,219653.0
681,156,7227612.0,1139096.0,"['adult standards', 'easy listening', 'lounge', 'vocal jazz']",136.471,135760.0
682,157,7225080.0,4953667.0,"['adult standards', 'easy listening', 'lounge']",110.37799999999999,136427.0
683,159,7182262.0,4953667.0,"['adult standards', 'easy listening', 'lounge']",174.609,120693.0
684,160,7170169.0,6931357.0,"['dance pop', 'pop', 'r&b', 'urban contemporary']",78.49600000000001,200467.0
685,161,7149158.0,359973.0,"['adult standards', 'easy listening', 'lounge', 'swing', 'vocal jazz']",101.529,165667.0
686,167,6985392.0,3083825.0,['a cappella'],89.91799999999999,268960.0
687,175,6809438.0,424935.0,"['chicago soul', 'classic soul', 'funk', 'motown', 'neo soul', 'quiet storm', 'soul', 'southern soul']",93.04700000000001,231173.0
688,180,6680928.0,659472.0,"['adult standards', 'easy listening', 'lounge', 'vocal jazz']",126.01100000000001,149307.0
689,181,6657404.0,42227614.0,"['pop', 'post-teen pop']",134.002,228027.0
690,182,6652130.0,18936929.0,"['dance pop', 'pop', 'post-teen pop']",137.494,182521.0
691,184,6635128.0,1564750.0,"['boy band', 'dance pop', 'pop', 'post-teen pop']",104.999,255307.0
692,24,6635109.0,42227614.0,"['pop', 'post-teen pop']",74.952,245440.0
693,192,6400108.0,6896776.0,"['album rock', 'classic rock', 'country rock', 'folk rock', 'heartland rock', 'mellow gold', 'rock', 'soft rock', 'yacht rock']",183.18,177440.0
694,197,6278993.0,10606572.0,"['dance pop', 'hip pop', 'pop', 'post-teen pop']",179.967,161013.0
695,28,16213589.0,42227614.0,"['pop', 'post-teen pop']",122.079,315147.0
696,34,14519547.0,42227614.0,"['pop', 'post-teen pop']",88.85600000000001,260440.0
697,38,14392788.0,42227614.0,"['pop', 'post-teen pop']",119.96600000000001,225880.0
698,39,14385703.0,42227614.0,"['pop', 'post-teen pop']",107.895,275320.0
699,43,13810722.0,42227614.0,"['pop', 'post-teen pop']",125.177,304107.0
700,45,13583538.0,42227614.0,"['pop', 'post-teen pop']",157.895,215920.0
701,53,12782098.0,42227614.0,"['pop', 'post-teen pop']",127.96700000000001,275040.0
702,57,12234761.0,42227614.0,"['pop', 'post-teen pop']",96.103,257773.0
703,70,11245393.0,42227614.0,"['pop', 'post-teen pop']",151.884,180653.0
704,74,10561183.0,5002317.0,"['hip hop', 'ohio hip hop', 'pop rap', 'rap']",165.945,216560.0
705,97,8901697.0,5002317.0,"['hip hop', 'ohio hip hop', 'pop rap', 'rap']",172.995,199787.0
706,126,7655623.0,5002317.0,"['hip hop', 'ohio hip hop', 'pop rap', 'rap']",152.058,242267.0
707,129,7524738.0,5002317.0,"['hip hop', 'ohio hip hop', 'pop rap', 'rap']",123.105,148707.0
708,139,7117347.0,5002317.0,"['hip hop', 'ohio hip hop', 'pop rap', 'rap']",130.036,201093.0
709,147,6865689.0,5002317.0,"['hip hop', 'ohio hip hop', 'pop rap', 'rap']",158.07299999999998,176027.0
710,152,6763705.0,5002317.0,"['hip hop', 'ohio hip hop', 'pop rap', 'rap']",142.04,150853.0
711,17,6388079.0,36177712.0,"['latin', 'reggaeton', 'trap latino']",123.01299999999999,191526.0
712,183,6108393.0,5002317.0,"['hip hop', 'ohio hip hop', 'pop rap', 'rap']",133.971,37013.0
713,185,6068816.0,5002317.0,"['hip hop', 'ohio hip hop', 'pop rap', 'rap']",142.017,325413.0
714,1,5845457.0,42227614.0,"['pop', 'post-teen pop']",130.033,239560.0
715,74,9325928.0,19102888.0,"['chicago rap', 'melodic rap']",76.017,183783.0
716,104,7932101.0,33893352.0,"['canadian pop', 'dance pop', 'pop', 'post-teen pop', 'viral pop']",98.991,202357.0
717,138,6653913.0,35340069.0,"['canadian contemporary r&b', 'canadian pop', 'pop']",170.903,216123.0
718,15,6567755.0,3828418.0,"['canadian hip hop', 'canadian trap', 'melodic rap', 'pop rap', 'r&b', 'rap', 'toronto rap', 'trap']",145.013,227478.0
719,29,6204228.0,36177712.0,"['latin', 'reggaeton', 'trap latino']",126.054,139576.0
720,167,5929516.0,7816213.0,"['atl hip hop', 'atl trap', 'rap', 'trap']",139.995,210699.0
721,86,5884221.0,15778531.0,"['dance pop', 'pop', 'post-teen pop']",121.98100000000001,196453.0
722,18,5698275.0,37151476.0,"['k-pop', 'k-pop boy group']",121.95299999999999,254950.0
723,46,5436450.0,133998.0,"['alt z', 'modern indie pop', 'social media pop']",113.96799999999999,136839.0
724,9,5390363.0,36177712.0,"['latin', 'reggaeton', 'trap latino']",96.17200000000001,295177.0
725,43,5375449.0,36177712.0,"['latin', 'reggaeton', 'trap latino']",90.01899999999999,162299.0
726,60,5370330.0,2238190.0,['australian hip hop'],73.779,181688.0
727,180,5364223.0,181236.0,[],133.928,215280.0
728,35,5314734.0,1276406.0,['cali rap'],90.988,192745.0
729,41,12914431.0,36177712.0,"['latin', 'reggaeton', 'trap latino']",145.001,162151.0
730,44,12660806.0,36177712.0,"['latin', 'reggaeton', 'trap latino']",133.037,213609.0
731,48,12507010.0,36177712.0,"['latin', 'reggaeton', 'trap latino']",76.993,165199.0
732,53,11298839.0,36177712.0,"['latin', 'reggaeton', 'trap latino']",139.988,221187.0
733,59,11066606.0,36177712.0,"['latin', 'reggaeton', 'trap latino']",191.91099999999997,163053.0
734,63,10957181.0,36177712.0,"['latin', 'reggaeton', 'trap latino']",171.918,151506.0
735,66,10733416.0,36177712.0,"['latin', 'reggaeton', 'trap latino']",90.87200000000001,157673.0
736,83,9624871.0,3609658.0,"['album rock', 'art rock', 'beatlesque', 'classic rock', 'mellow gold', 'rock', 'soft rock']",94.736,227653.0
737,16,8413330.0,37151476.0,"['k-pop', 'k-pop boy group']",114.91,222243.0
738,24,7703744.0,37151476.0,"['k-pop', 'k-pop boy group']",104.994,202313.0
739,26,7165808.0,37151476.0,"['k-pop', 'k-pop boy group']",101.085,239722.0
740,27,7010227.0,37151476.0,"['k-pop', 'k-pop boy group']",125.904,204800.0
741,151,6006877.0,15778531.0,"['dance pop', 'pop', 'post-teen pop']",115.016,213672.0
742,171,5842320.0,36177712.0,"['latin', 'reggaeton', 'trap latino']",118.671,199720.0
743,172,5816739.0,15778531.0,"['dance pop', 'pop', 'post-teen pop']",175.984,205733.0
744,63,5463964.0,2435159.0,"['latin', 'reggaeton', 'trap latino']",92.988,227520.0
745,78,8392247.0,37151476.0,"['k-pop', 'k-pop boy group']",114.822,179548.0
746,105,7276896.0,4430628.0,"['italian hip hop', 'italian pop', 'trap italiana']",99.984,193555.0
747,82,6241923.0,4431309.0,"['dance pop', 'edm', 'pop', 'pop dance', 'post-teen pop', 'tropical house', 'uk dance', 'uk funky']",101.022,178374.0
748,139,6152821.0,8123757.0,"['mariachi', 'nuevo regional mexicano', 'ranchera', 'regional mexican']",124.889,171360.0
749,162,5504912.0,4430628.0,"['italian hip hop', 'italian pop', 'trap italiana']",120.046,230389.0
750,88,5362508.0,247480.0,['south african house'],124.009,342613.0
751,19,5358940.0,, ,,
752,174,5263469.0,4430628.0,"['italian hip hop', 'italian pop', 'trap italiana']",131.988,192965.0
753,36,5203423.0,2953525.0,"['basshall', 'francoton']",98.031,166851.0
754,140,5196635.0,2238190.0,['australian hip hop'],167.827,151705.0
755,7,5164187.0,19102888.0,"['chicago rap', 'melodic rap']",158.83100000000002,196180.0
756,22,5039047.0,23848461.0,"['k-pop', 'k-pop girl group']",152.045,201122.0
757,41,4995203.0,100635.0,['nz pop'],149.836,184905.0
758,188,4988571.0,11034144.0,"['dance pop', 'pop']",76.899,484147.0
759,192,4920218.0,4430628.0,"['italian hip hop', 'italian pop', 'trap italiana']",137.97299999999998,191869.0
760,24,4914682.0,9949044.0,"['atl hip hop', 'hip hop', 'rap', 'trap']",143.01,195906.0
761,105,4911995.0,1963296.0,"['indie pop', 'modern rock', 'pop', 'rock']",120.023,178000.0
762,44,4911749.0,2334615.0,"['contemporary country', 'country', 'pop']",89.991,167693.0
763,87,4907925.0,260236.0,"['pop r&b', 'r&b']",122.074,203145.0
764,129,4899440.0,7909963.0,"['colombian pop', 'latin', 'reggaeton', 'reggaeton colombiano', 'trap latino']",143.86,191945.0
765,9,4878286.0,150587.0,['melodic rap'],130.02200000000002,147800.0
766,95,7292247.0,10491105.0,"['atl hip hop', 'pop rap', 'rap', 'southern hip hop', 'trap']",151.951,213520.0
767,86,5929062.0,3509653.0,"['contemporary country', 'country road']",86.97,191406.0
768,74,5602168.0,1245965.0,['k-pop girl group'],142.018,217088.0
769,140,5561227.0,6096559.0,"['puerto rican pop', 'trap latino']",90.086,185719.0
770,153,5445204.0,10491105.0,"['atl hip hop', 'pop rap', 'rap', 'southern hip hop', 'trap']",144.08100000000002,274313.0
771,117,5361669.0,213344.0,"['afroswing', 'london rap', 'uk alternative hip hop', 'uk hip hop']",127.954,161668.0
772,20,5308945.0,67208170.0,"['dance pop', 'pop', 'post-teen pop']",88.33200000000001,239949.0
773,52,5303146.0,3866304.0,"['hip hop', 'pop', 'pop rap', 'r&b', 'southern hip hop', 'trap', 'trap soul']",99.993,143375.0
774,124,5201322.0,9398941.0,"['dance pop', 'girl group', 'pop', 'post-teen pop', 'talent show', 'uk pop']",119.965,213693.0
775,144,5158896.0,689627.0,"['dance pop', 'electropop', 'pop', 'pop rap', 'post-teen pop', 'viral pop']",149.967,172245.0
776,168,5151014.0,10491105.0,"['atl hip hop', 'pop rap', 'rap', 'southern hip hop', 'trap']",123.04299999999999,228796.0
777,157,5083648.0,2688557.0,"['canadian latin', 'canadian pop', 'dance pop', 'pop', 'pop rap']",114.32799999999999,242293.0
778,22,5043665.0,6281829.0,"['hip hop', 'miami hip hop', 'pop rap', 'rap', 'southern hip hop', 'trap']",85.84,218902.0
779,25,4980571.0,67208170.0,"['dance pop', 'pop', 'post-teen pop']",128.006,149900.0
780,53,4926802.0,1685215.0,"['indie poptimism', 'pop']",89.64299999999999,153294.0
781,32,4899099.0,18306226.0,"['latin', 'reggaeton', 'reggaeton flow', 'trap boricua', 'trap latino']",174.021,246000.0
782,102,4872409.0,661863.0,['sad rap'],118.917,179080.0
783,162,4863053.0,486194.0,"['rap', 'trap']",129.966,170233.0
784,29,4746415.0,5371000.0,['contemporary country'],151.964,232533.0
785,76,4739241.0,, ,,
786,156,4732343.0,4759367.0,"['alternative r&b', 'viral pop']",88.964,209274.0
787,92,4731423.0,23936368.0,"['latin', 'latin hip hop', 'reggaeton', 'trap latino']",105.027,275893.0
788,5,4721082.0,47061119.0,"['electropop', 'pop']",104.89,210005.0
789,163,4713873.0,3152313.0,"['champeta', 'colombian pop', 'electro latino', 'latin', 'latin pop', 'reggaeton', 'reggaeton colombiano', 'trap latino']",173.905,174027.0
790,38,5798744.0,67208170.0,"['dance pop', 'pop', 'post-teen pop']",161.884,208457.0
791,31,5282490.0,67208170.0,"['dance pop', 'pop', 'post-teen pop']",127.698,157710.0
792,42,5249342.0,67208170.0,"['dance pop', 'pop', 'post-teen pop']",127.89399999999999,200733.0
793,168,5226940.0,2238190.0,['australian hip hop'],82.363,153147.0
794,49,5220504.0,3198705.0,"['argentine hip hop', 'trap argentino', 'trap latino', 'trap triste']",117.007,206760.0
795,119,5064484.0,26784251.0,"['latin', 'reggaeton', 'reggaeton colombiano']",170.081,198570.0
796,85,5033798.0,29238936.0,"['latin', 'puerto rican pop', 'reggaeton', 'trap latino']",168.045,233160.0
797,25,4951481.0,9949044.0,"['atl hip hop', 'hip hop', 'rap', 'trap']",172.08,193839.0
798,41,4924030.0,6852509.0,['brooklyn drill'],88.834,164580.0
799,49,4896521.0,67208170.0,"['dance pop', 'pop', 'post-teen pop']",92.01299999999999,158436.0
800,59,4865084.0,67208170.0,"['dance pop', 'pop', 'post-teen pop']",159.852,146959.0
801,30,4813796.0,83337783.0,"['pop', 'uk pop']",92.977,197867.0
802,29,4787127.0,10580764.0,"['colombian pop', 'reggaeton colombiano']",178.032,211613.0
803,42,4784580.0,1606884.0,"['rap', 'trap']",162.94799999999998,167916.0
804,14,4773792.0,1251372.0,[],172.27700000000002,151147.0
805,51,10941573.0,67208170.0,"['dance pop', 'pop', 'post-teen pop']",120.109,183874.0
806,65,9399230.0,67208170.0,"['dance pop', 'pop', 'post-teen pop']",110.03399999999999,179861.0
807,66,9397167.0,67208170.0,"['dance pop', 'pop', 'post-teen pop']",87.865,132279.0
808,146,5605234.0,19345579.0,"['pop', 'r&b', 'soul']",118.427,358053.0
809,105,5229835.0,17097317.0,"['dance pop', 'pop', 'post-teen pop', 'uk pop']",102.99799999999999,171030.0
810,91,5226264.0,1683006.0,"['german hip hop', 'hamburg hip hop']",181.942,168991.0
811,176,5103194.0,17097317.0,"['dance pop', 'pop', 'post-teen pop', 'uk pop']",128.04399999999998,207528.0
812,179,5096618.0,20110171.0,"['australian rock', 'hard rock', 'rock']",115.728,208400.0
813,38,4914412.0,10741972.0,"['funk carioca', 'funk pop', 'pagode baiano', 'pop nacional']",110.075,180788.0
814,133,4904772.0,345027.0,"['memphis hip hop', 'rap', 'southern hip hop', 'trap']",126.03,182857.0
815,23,4825749.0,8766508.0,"['latin', 'panamanian pop', 'reggaeton', 'trap latino']",171.94299999999998,247308.0
816,14,4821213.0,17732077.0,"['rap', 'slap house']",154.981,202795.0
817,11,6846771.0,23848461.0,"['k-pop', 'k-pop girl group']",111.712,161168.0
818,82,5547002.0,8673345.0,"['detroit hip hop', 'hip hop', 'pop rap', 'rap', 'southern hip hop', 'trap']",160.048,199758.0
819,88,5079328.0,67208170.0,"['dance pop', 'pop', 'post-teen pop']",106.96600000000001,207320.0
820,19,5016343.0,5966748.0,"['dance pop', 'pop', 'pop rap']",105.01299999999999,249143.0
821,137,5010179.0,4442273.0,"['dance pop', 'electropop', 'pop', 'post-teen pop']",82.96,146375.0
822,56,4980744.0,1251372.0,[],103.072,159863.0
823,1,4941592.0,179193.0,['pop rap'],129.97899999999998,165978.0
824,37,4817969.0,2172969.0,"['argentine hip hop', 'trap argentino', 'trap latino']",91.985,219202.0
825,172,4765198.0,2819406.0,"['folk-pop', 'neo mellow', 'pop', 'pop rock']",74.89699999999999,252733.0
826,26,4745568.0,10925614.0,"['alt z', 'electropop', 'modern rock', 'pop']",123.97,179867.0
827,32,4709053.0,7593792.0,"['edm', 'pop', 'pop dance', 'tropical house']",147.988,199549.0
828,197,4703672.0,28335338.0,"['british soul', 'pop', 'pop soul', 'uk pop']",135.187,285240.0
829,73,4674658.0,1758300.0,"['canadian hip hop', 'pop']",95.971,212607.0
830,68,5183246.0,68875.0,[],99.954,144000.0
831,35,5125708.0,23848461.0,"['k-pop', 'k-pop girl group']",162.225,171798.0
832,165,5116071.0,4894656.0,"['hip hop', 'indie pop rap', 'oakland hip hop', 'pop rap', 'rap']",82.01100000000001,214363.0
833,89,5112572.0,249910.0,"['french hip hop', 'pop urbaine', 'rap francais', 'rap marseille']",142.94799999999998,356347.0
834,32,5056387.0,23848461.0,"['k-pop', 'k-pop girl group']",115.00200000000001,163946.0
835,109,4870203.0,6569150.0,"['dance pop', 'electropop', 'pop', 'post-teen pop']",98.05,175873.0
836,15,4752289.0,4769627.0,['r&b en espanol'],94.634,129371.0
837,135,4705484.0,10580764.0,"['colombian pop', 'reggaeton colombiano']",144.511,188213.0
838,18,4680447.0,36177712.0,"['latin', 'reggaeton', 'trap latino']",97.014,172127.0
839,192,4665053.0,13697048.0,"['art pop', 'pop']",66.932,200661.0
840,69,4652712.0,3337982.0,"['atl hip hop', 'hip hop', 'melodic rap', 'rap', 'trap']",145.115,197760.0
841,54,4607003.0,6096559.0,"['puerto rican pop', 'trap latino']",171.965,197721.0
842,77,4598766.0,891555.0,"['alt z', 'dance pop', 'pop', 'post-teen pop']",72.541,156106.0
843,93,4560503.0,8388838.0,"['pop', 'uk pop']",111.20200000000001,220492.0
844,46,5304382.0,23848461.0,"['k-pop', 'k-pop girl group']",144.497,229236.0
845,12,5089970.0,638337.0,"['alt z', 'nz pop', 'pop']",128.977,223480.0
846,53,4947593.0,9949044.0,"['atl hip hop', 'hip hop', 'rap', 'trap']",130.029,193591.0
847,49,4933462.0,16655692.0,"['dance pop', 'pop', 'post-teen pop', 'uk pop']",84.295,174517.0
848,59,4751756.0,3868320.0,"['ohio hip hop', 'pop rap']",99.975,171621.0
849,110,4751064.0,352402.0,['funk carioca'],129.63,153078.0
850,81,4727923.0,613348.0,"['colombian pop', 'latin', 'pop reggaeton', 'reggaeton', 'reggaeton colombiano', 'trap latino']",167.96900000000002,333800.0
851,108,4641393.0,14073083.0,"['dance pop', 'pop', 'pop rap', 'r&b', 'rap']",92.928,260640.0
852,65,9129562.0,9949044.0,"['atl hip hop', 'hip hop', 'rap', 'trap']",97.97399999999999,190331.0
853,68,8675173.0,9949044.0,"['atl hip hop', 'hip hop', 'rap', 'trap']",77.594,201856.0
854,77,8243488.0,9949044.0,"['atl hip hop', 'hip hop', 'rap', 'trap']",152.891,185037.0
855,84,7762934.0,5019909.0,"['kentucky hip hop', 'pop', 'pop rap', 'r&b', 'rap', 'trap']",92.819,198822.0
856,131,6029118.0,9949044.0,"['atl hip hop', 'hip hop', 'rap', 'trap']",140.105,181716.0
857,138,5846760.0,9949044.0,"['atl hip hop', 'hip hop', 'rap', 'trap']",145.953,187773.0
858,139,5841110.0,9949044.0,"['atl hip hop', 'hip hop', 'rap', 'trap']",155.023,202420.0
859,153,5550390.0,412466.0,"['pop rap', 'rap', 'trap']",140.045,181496.0
860,77,5233336.0,4759367.0,"['alternative r&b', 'viral pop']",117.98,163759.0
861,179,5154955.0,9949044.0,"['atl hip hop', 'hip hop', 'rap', 'trap']",178.043,194214.0
862,106,5109038.0,25417.0,['viral rap'],120.00299999999999,159955.0
863,190,4915080.0,9949044.0,"['atl hip hop', 'hip hop', 'rap', 'trap']",183.016,214192.0
864,197,4853661.0,9949044.0,"['atl hip hop', 'hip hop', 'rap', 'trap']",89.484,140833.0
865,58,7471309.0,4759367.0,"['alternative r&b', 'viral pop']",126.57600000000001,214558.0
866,97,6936305.0,4759367.0,"['alternative r&b', 'viral pop']",114.07799999999999,207710.0
867,99,6819838.0,4759367.0,"['alternative r&b', 'viral pop']",163.94400000000002,163906.0
868,116,6292620.0,4849204.0,['chicago rap'],175.929,177273.0
869,123,6032935.0,3868320.0,"['ohio hip hop', 'pop rap']",160.05700000000002,205159.0
870,126,6013371.0,4759367.0,"['alternative r&b', 'viral pop']",132.00799999999998,207265.0
871,145,5547939.0,4759367.0,"['alternative r&b', 'viral pop']",80.53,132215.0
872,151,5482390.0,4759367.0,"['alternative r&b', 'viral pop']",167.78799999999998,180019.0
873,112,5463424.0,2396662.0,"['alt z', 'dance pop', 'electropop', 'indie cafe pop', 'indie poptimism', 'modern rock', 'pop', 'pop rap', 'post-teen pop', 'talent show']",136.029,180161.0
874,86,5220309.0,1255573.0,"['cali rap', 'dance pop', 'pop', 'pop rap', 'trap queen']",100.036,139413.0
875,171,5141212.0,4759367.0,"['alternative r&b', 'viral pop']",156.049,156759.0
876,177,4977405.0,4759367.0,"['alternative r&b', 'viral pop']",83.5,194871.0
877,164,4964708.0,, ,,
878,24,4867620.0,21946934.0,"['dance pop', 'edm', 'electro house', 'house', 'pop', 'progressive house', 'uk dance']",178.043,210795.0
879,14,4851997.0,19102888.0,"['chicago rap', 'melodic rap']",90.00299999999999,160212.0
880,188,4834258.0,3868320.0,"['ohio hip hop', 'pop rap']",90.024,143901.0
881,76,4761286.0,134339.0,"['trap chileno', 'trap latino']",99.994,212406.0
882,26,4745752.0,3828418.0,"['canadian hip hop', 'canadian trap', 'melodic rap', 'pop rap', 'r&b', 'rap', 'toronto rap', 'trap']",145.013,227478.0
883,143,4632724.0,17931101.0,"['conscious hip hop', 'hip hop', 'rap', 'west coast rap']",71.994,386907.0
884,65,4628159.0,412466.0,"['pop rap', 'rap', 'trap']",147.912,174730.0
885,148,5329256.0,3008916.0,"['disco', 'funk', 'jazz funk', 'motown', 'quiet storm', 'soul']",125.926,215093.0
886,64,5178107.0,152237.0,"['dance pop', 'edm', 'pop dance', 'pop edm', 'slap house', 'tropical house']",118.961,176767.0
887,150,5151406.0,4849204.0,['chicago rap'],176.02700000000002,163798.0
888,158,5101640.0,3071170.0,"['belgian hip hop', 'french hip hop', 'pop urbaine', 'rap belge', 'rap conscient']",137.997,201333.0
889,159,5094137.0,3071170.0,"['belgian hip hop', 'french hip hop', 'pop urbaine', 'rap belge', 'rap conscient']",104.10600000000001,315640.0
890,4,4924533.0,42227614.0,"['pop', 'post-teen pop']",75.602,285634.0
891,10,4819362.0,19102888.0,"['chicago rap', 'melodic rap']",142.94799999999998,242181.0
892,9,4805366.0,19102888.0,"['chicago rap', 'melodic rap']",159.93,181661.0
893,181,4800543.0,4022792.0,"['melodic rap', 'rap', 'trap']",88.50200000000001,179813.0
894,23,4799038.0,56327031.0,"['canadian hip hop', 'canadian pop', 'hip hop', 'pop rap', 'rap', 'toronto rap']",122.947,220488.0
895,4,4690955.0,6514102.0,"['emo rap', 'rap']",178.46200000000002,132303.0
896,12,4599807.0,27167675.0,"['dance pop', 'pop', 'uk pop']",146.967,193829.0
897,194,4569978.0,7593792.0,"['edm', 'pop', 'pop dance', 'tropical house']",119.961,199008.0
898,197,4526982.0,3916979.0,"['dance pop', 'pop']",184.021,180348.0
899,91,4502853.0,3916979.0,"['dance pop', 'pop']",133.002,187436.0
900,83,5698099.0,29238936.0,"['latin', 'puerto rican pop', 'reggaeton', 'trap latino']",109.976,214507.0
901,72,5049863.0,5888533.0,"['pop', 'pop rap', 'r&b']",120.074,202008.0
902,65,4957966.0,32279979.0,"['pop', 'pop rock']",93.676,211254.0
903,167,4938139.0,3263283.0,"['r&b brasileiro', 'rap cearense', 'trap brasileiro']",149.97799999999998,230400.0
904,112,4898520.0,1683006.0,"['german hip hop', 'hamburg hip hop']",104.875,182931.0
905,122,4877753.0,2168452.0,"['latin', 'reggaeton', 'reggaeton flow', 'trap latino']",103.994,259600.0
906,68,4776686.0,7816213.0,"['atl hip hop', 'atl trap', 'rap', 'trap']",135.14,181929.0
907,183,4723116.0,1683006.0,"['german hip hop', 'hamburg hip hop']",109.01899999999999,185330.0
908,150,4652583.0,15778531.0,"['dance pop', 'pop', 'post-teen pop']",137.941,248587.0
909,21,4620838.0,8671649.0,"['dance pop', 'pop']",125.98899999999999,134240.0
910,142,4602336.0,328877.0,['uk hip hop'],77.05199999999999,196363.0
911,75,4598325.0,38111.0,"['scandipop', 'swedish pop']",120.03,186878.0
912,13,4568308.0,28335112.0,"['dance pop', 'pop', 'post-teen pop', 'r&b']",84.459,242001.0
913,115,5949270.0,8673345.0,"['detroit hip hop', 'hip hop', 'pop rap', 'rap', 'southern hip hop', 'trap']",152.028,199250.0
914,157,5117128.0,1255573.0,"['cali rap', 'dance pop', 'pop', 'pop rap', 'trap queen']",100.03200000000001,253569.0
915,91,4982232.0,2384076.0,['k-pop girl group'],101.027,177728.0
916,71,4876238.0,17732077.0,"['rap', 'slap house']",79.903,185851.0
917,152,4737291.0,26784251.0,"['latin', 'reggaeton', 'reggaeton colombiano']",163.781,193700.0
918,122,4668193.0,2786366.0,"['dance pop', 'deep euro house', 'deep house', 'edm', 'german dance', 'pop', 'pop dance', 'tropical house']",124.00200000000001,175016.0
919,82,4642057.0,1245965.0,['k-pop girl group'],149.981,162600.0
920,112,4615520.0,1555628.0,"['funk carioca', 'funk pop']",100.009,168507.0
921,103,4593366.0,177972.0,"['alternative r&b', 'chill r&b', 'indie r&b', 'pop']",112.01100000000001,210000.0
922,5,4587573.0,42227614.0,"['pop', 'post-teen pop']",139.88299999999998,210252.0
923,11,4585895.0,5966748.0,"['dance pop', 'pop', 'pop rap']",104.994,221714.0
924,134,4572706.0,166517.0,"['german hip hop', 'german pop', 'hamburg hip hop']",126.039,233905.0
925,86,4538382.0,7593792.0,"['edm', 'pop', 'pop dance', 'tropical house']",105.023,208156.0
926,148,5306994.0,18936929.0,"['dance pop', 'pop', 'post-teen pop']",125.95700000000001,159286.0
927,71,4624448.0,67074.0,['jawaiian'],95.11399999999999,210329.0
928,185,4609169.0,1492551.0,"['dmv rap', 'hip hop', 'pop rap', 'rap', 'trap', 'underground hip hop', 'vapor trap']",151.016,168477.0
929,27,4597001.0,437907.0,"['rap', 'trap']",139.864,157712.0
930,174,4575403.0,2919696.0,"['latin', 'latin hip hop', 'reggaeton', 'reggaeton flow', 'trap latino']",175.937,212011.0
931,111,4564331.0,18306226.0,"['latin', 'reggaeton', 'reggaeton flow', 'trap boricua', 'trap latino']",93.064,212312.0
932,5,4556900.0,18585963.0,"['dance pop', 'pop', 'post-teen pop']",120.006,157707.0
933,113,4547965.0,2203386.0,['florida rap'],118.00399999999999,235988.0
934,31,4514763.0,19102888.0,"['chicago rap', 'melodic rap']",180.051,189323.0
935,117,4501441.0,2897862.0,"['latin', 'reggaeton', 'trap latino']",112.95299999999999,201000.0
936,43,11373347.0,412466.0,"['pop rap', 'rap', 'trap']",140.04,195429.0
937,145,5440253.0,4093115.0,['german hip hop'],96.852,151360.0
938,22,5391018.0,37151476.0,"['k-pop', 'k-pop boy group']",105.936,246381.0
939,106,4887204.0,17097317.0,"['dance pop', 'pop', 'post-teen pop', 'uk pop']",143.783,179917.0
940,8,4883202.0,19102888.0,"['chicago rap', 'melodic rap']",143.078,202193.0
941,56,4702117.0,1251372.0,[],83.98200000000001,233000.0
942,177,4685894.0,961181.0,"['german hip hop', 'german pop']",98.995,170200.0
943,11,4586236.0,42227614.0,"['pop', 'post-teen pop']",89.93700000000001,261923.0
944,188,4561189.0,4272745.0,"['electropop', 'pop', 'pop rap']",82.992,186468.0
945,37,4436934.0,881797.0,"['cali rap', 'hip hop', 'pop rap', 'rap', 'southern hip hop', 'trap']",97.008,180435.0
946,72,4405338.0,37151476.0,"['k-pop', 'k-pop boy group']",129.017,243267.0
947,186,4391666.0,6167871.0,"['acoustic pop', 'neo mellow', 'pop', 'pop rock']",150.953,242187.0
948,136,4390823.0,7744095.0,"['boy band', 'dance pop', 'electropop', 'pop', 'post-teen pop']",120.274,203418.0
949,8,4389670.0,42227614.0,"['pop', 'post-teen pop']",147.922,230999.0
950,151,5254969.0,27167675.0,"['dance pop', 'pop', 'uk pop']",116.029,250280.0
951,10,5111416.0,42227614.0,"['pop', 'post-teen pop']",129.86,255894.0
952,59,4737306.0,2203386.0,['florida rap'],117.96700000000001,167147.0
953,79,4664281.0,4849204.0,['chicago rap'],164.00900000000001,163902.0
954,77,4488631.0,46992.0,"['afroswing', 'social media pop']",62.948,167917.0
955,74,4480780.0,328877.0,['uk hip hop'],146.95,248937.0
956,55,4472669.0,27167675.0,"['dance pop', 'pop', 'uk pop']",122.053,208505.0
957,100,4466143.0,6096559.0,"['puerto rican pop', 'trap latino']",84.041,217143.0
958,176,4462411.0,9778632.0,"['dance pop', 'pop', 'pop rap', 'post-teen pop']",100.037,111852.0
959,126,4449437.0,2953525.0,"['basshall', 'francoton']",92.98899999999999,147076.0
960,189,4439790.0,36369.0,"['edm', 'pop dance', 'pop edm', 'tropical house']",123.06200000000001,190488.0
961,17,4424118.0,42227614.0,"['pop', 'post-teen pop']",83.43299999999999,252881.0
962,118,4392936.0,7593792.0,"['edm', 'pop', 'pop dance', 'tropical house']",103.95200000000001,228267.0
963,185,4380308.0,117894.0,"['dominican pop', 'pop reggaeton', 'urbano espanol']",88.064,187500.0
964,50,4371370.0,6608815.0,"['melodic rap', 'rap', 'trap']",84.005,173288.0
965,74,4351784.0,33663701.0,"['dfw rap', 'melodic rap', 'rap']",99.96,149547.0
966,13,5564072.0,42227614.0,"['pop', 'post-teen pop']",110.10700000000001,208978.0
967,15,5459423.0,42227614.0,"['pop', 'post-teen pop']",94.926,208907.0
968,18,5128412.0,42227614.0,"['pop', 'post-teen pop']",135.886,195097.0
969,24,5112180.0,42227614.0,"['pop', 'post-teen pop']",95.939,294521.0
970,157,5074613.0,7601122.0,"['north carolina hip hop', 'rap']",162.97299999999998,153467.0
971,20,5053658.0,42227614.0,"['pop', 'post-teen pop']",119.845,190898.0
972,170,4736059.0,8671649.0,"['dance pop', 'pop']",116.912,284480.0
973,180,4625985.0,6514102.0,"['emo rap', 'rap']",97.961,115255.0
974,50,4599408.0,1674348.0,['german hip hop'],154.007,196213.0
975,170,4522005.0,141016.0,"['dance pop', 'german dance', 'pop dance', 'slap house', 'tropical house']",127.96,153149.0
976,16,4510218.0,4794212.0,"['houston rap', 'pop', 'pop rap', 'trap queen']",168.983,155497.0
977,29,6796343.0,42227614.0,"['pop', 'post-teen pop']",141.916,237258.0
978,33,6085522.0,42227614.0,"['pop', 'post-teen pop']",94.219,289749.0
979,41,5943851.0,42227614.0,"['pop', 'post-teen pop']",150.04399999999998,234000.0
980,140,5768616.0,3037935.0,"['hip hop', 'pop rap', 'rap', 'southern hip hop', 'trap', 'underground hip hop']",144.018,144973.0
981,141,5752169.0,1674348.0,['german hip hop'],130.009,152013.0
982,144,5674945.0,1683006.0,"['german hip hop', 'hamburg hip hop']",109.075,180950.0
983,149,5534361.0,10491105.0,"['atl hip hop', 'pop rap', 'rap', 'southern hip hop', 'trap']",148.94899999999998,186843.0
984,47,5375944.0,42227614.0,"['pop', 'post-teen pop']",118.819,220043.0
985,25,4978899.0,19102888.0,"['chicago rap', 'melodic rap']",117.943,154767.0
986,171,4828004.0,3372385.0,['memphis hip hop'],159.999,240297.0
987,26,4695091.0,29067437.0,"['latin', 'reggaeton', 'reggaeton colombiano']",122.728,157733.0
988,179,4661170.0,1779640.0,"['dembow', 'latin', 'rap dominicano', 'reggaeton', 'trap latino']",112.98700000000001,178407.0
989,42,4588064.0,6096559.0,"['puerto rican pop', 'trap latino']",96.988,222680.0
990,86,4583475.0,3866304.0,"['hip hop', 'pop', 'pop rap', 'r&b', 'southern hip hop', 'trap', 'trap soul']",111.052,231618.0
991,33,4561936.0,29067437.0,"['latin', 'reggaeton', 'reggaeton colombiano']",97.00200000000001,200667.0
992,101,4476954.0,1251372.0,[],144.833,200387.0
993,82,8293983.0,14103694.0,"['conscious hip hop', 'hip hop', 'north carolina hip hop', 'rap']",139.964,210587.0
994,147,5600868.0,4093115.0,['german hip hop'],84.029,189686.0
995,163,5056986.0,2238190.0,['australian hip hop'],149.881,195268.0
996,37,5047752.0,19102888.0,"['chicago rap', 'melodic rap']",76.968,168685.0
997,161,4966428.0,22536304.0,"['boy band', 'pop', 'post-teen pop', 'talent show']",124.99,199987.0
998,174,4823401.0,1700759.0,"['german cloud rap', 'german hip hop']",157.005,183839.0
999,35,4798078.0,19102888.0,"['chicago rap', 'melodic rap']",127.984,180129.0
1000,27,4761155.0,19102888.0,"['chicago rap', 'melodic rap']",138.034,186749.0
